album,total_m,m_comments,m_ratio,total_comments,m_per_comment,m_per_comment_l95,m_per_l95_rank,Primary Genre
Annihilator-Alice-in-Hell,32,28,1.1428571428571428,248,0.12903225806451613,0.09674717609005631,1,Thrash Metal
Adramelech-Psychostasia,59,42,1.4047619047619047,520,0.11346153846153846,0.0919302720438458,2,Death Metal
Accept-Restless-and-Wild,10,9,1.1111111111111112,64,0.15625,0.09154239151929561,3,Heavy Metal
Overkill-Ironbound,13,7,1.8571428571428572,95,0.1368421052631579,0.08575625387696606,4,Thrash Metal
Immortal-At-the-Heart-of-Winter,35,31,1.1290322580645162,321,0.10903426791277258,0.0826080777388434,5,Black Metal
Exodus-Fabulous-Disaster,36,36,1,389,0.09254498714652956,0.07023607565933099,6,Thrash Metal
Meshuggah-Nothing-Re-release,33,33,1,353,0.09348441926345609,0.07003974303557914,7,Progressive Metal
Meshuggah-Destroy-Erase-Improve,49,30,1.6333333333333333,559,0.08765652951699464,0.06929538789157731,8,Progressive Metal
Gorguts-From-Wisdom-to-Hate,56,48,1.1666666666666667,655,0.08549618320610687,0.06865215075698644,9,Death Metal
Demolition-Hammer-Epidemic-of-Violence,71,55,1.290909090909091,893,0.07950727883538634,0.06545446146843219,10,Thrash Metal
Morbid-Angel-Altars-of-Madness,222,158,1.4050632911392404,3076,0.07217165149544863,0.0647412119304254,11,Death Metal
Sepultura-Beneath-the-Remains,43,34,1.2647058823529411,520,0.08269230769230769,0.06424633438634485,12,Thrash Metal
Rotting-Christ-Theogonia,12,12,1,114,0.10526315789473684,0.06394922102758,13,Black Metal
Bathory-Under-the-Sign-of-the-Black-Mark,54,38,1.4210526315789473,699,0.07725321888412018,0.06171396508355989,14,Black Metal
Sodom-Agent-Orange,44,35,1.2571428571428571,564,0.07801418439716312,0.06075962453890782,15,Thrash Metal
Celtic-Frost-To-Mega-Therion,30,24,1.25,365,0.0821917808219178,0.06054958568310717,16,Thrash Metal
Demolition-Hammer-Tortured-Existence,20,18,1.1111111111111112,231,0.08658008658008658,0.05924019465337925,17,Thrash Metal
Kalmah-Swamplord,10,10,1,99,0.10101010101010101,0.05801530945409938,18,Melodic Death Metal
Iron-Maiden-Live-After-Death,24,23,1.0434782608695652,303,0.07920792079207921,0.05609268657779071,19,Heavy Metal
Destruction-Infernal-Overkill,15,11,1.3636363636363635,174,0.08620689655172414,0.055255389268476285,20,Thrash Metal
Bathory-Blood-Fire-Death,43,40,1.075,606,0.07095709570957096,0.05504484253298732,21,Black Metal
Incantation-Onward-to-Golgotha,85,60,1.4166666666666667,1306,0.06508422664624809,0.05444630111365439,22,Death Metal
Aspid-Extravasation,101,65,1.5538461538461539,1578,0.06400506970849176,0.054359356098688735,23,Thrash Metal
Triptykon-Eparistera-Daimones,10,10,1,106,0.09433962264150944,0.05405171395776836,24,Doom Metal
Kreator-Extreme-Aggression,23,22,1.0454545454545454,303,0.07590759075907591,0.05329153900704214,25,Thrash Metal
Autopsy-Mental-Funeral,66,49,1.346938775510204,1052,0.06273764258555133,0.051173317070307034,26,Death Metal
Mercyful-Fate-Dont-Break-the-Oath,33,27,1.2222222222222223,486,0.06790123456790123,0.05067547868175119,27,Heavy Metal
Gorguts-The-Erosion-of-Sanity,67,43,1.558139534883721,1083,0.061865189289012,0.05053740741752771,28,Death Metal
Diamond-Head-Lightning-to-the-Nations,48,45,1.0666666666666667,755,0.06357615894039735,0.04998340126463854,29,Heavy Metal
Atheist-Piece-of-Time,28,21,1.3333333333333333,412,0.06796116504854369,0.04937600348947189,30,Death Metal
Death-Individual-Thought-Patterns,151,110,1.3727272727272728,2715,0.05561694290976059,0.048670696371387094,31,Death Metal
Entombed-Left-Hand-Path,49,41,1.1951219512195121,799,0.06132665832290363,0.04832683835037764,32,Death Metal
Terrorizer-World-Downfall,7,7,1,73,0.0958904109589041,0.048241726065836564,33,Grind
Celtic-Frost-Morbid-Tales,24,23,1.0434782608695652,360,0.06666666666666667,0.04710205373538033,34,Thrash Metal
Candlemass-Nightfall,18,18,1,257,0.07003891050583658,0.04667943567383817,35,Doom Metal
Immolation-Dawn-of-Possession,33,29,1.1379310344827587,533,0.06191369606003752,0.04616514511678091,36,Death Metal
Death-Symbolic,206,166,1.2409638554216869,4038,0.05101535413571075,0.04551476884261518,37,Death Metal
Riverside-Second-Life-Syndrome,8,6,1.3333333333333333,93,0.08602150537634409,0.04542000647068184,38,Progressive Rock
Coroner-Mental-Vortex,72,64,1.125,1305,0.05517241379310345,0.045376423149188994,39,Thrash Metal
Metal-Church-Metal-Church,18,18,1,267,0.06741573033707865,0.0449045294956697,40,Thrash Metal
Darkthrone-A-Blaze-in-the-Northern-Sky,77,64,1.203125,1426,0.05399719495091164,0.044703170364528436,41,Black Metal
Gorguts-Colored-Sands,162,124,1.3064516129032258,3199,0.05064082525789309,0.0445113321938362,42,Death Metal
Immolation-Here-in-After,44,37,1.1891891891891893,776,0.05670103092783505,0.044040147435036106,43,Death Metal
Overkill-Horrorscope,9,8,1.125,115,0.0782608695652174,0.043003341126630935,44,Thrash Metal
King-Diamond-Abigail,22,21,1.0476190476190477,356,0.06179775280898876,0.042893738568723465,45,Heavy Metal
Slayer-Reign-in-Blood,86,62,1.3870967741935485,1680,0.05119047619047619,0.04281663723887503,46,Thrash Metal
Anthrax-Spreading-the-Disease,16,16,1,245,0.0653061224489796,0.04230126903817122,47,Thrash Metal
Coroner-Punishment-for-Decadence,12,12,1,173,0.06936416184971098,0.04167061198694502,48,Thrash Metal
Edge-of-Sanity-Crimson,36,29,1.2413793103448276,655,0.0549618320610687,0.04148791598057511,49,Melodic Death Metal
Dark-Angel-Darkness-Descends,26,25,1.04,449,0.05790645879732739,0.04145487628236283,50,Thrash Metal
Pestilence-Consuming-Impulse,82,63,1.3015873015873016,1657,0.049487024743512374,0.04120135920797251,51,Death Metal
Fear-Factory-Demanufacture,20,13,1.5384615384615385,332,0.060240963855421686,0.040991753870978656,52,Industrial
Skid-Row-Slave-to-the-Grind,9,9,1,121,0.0743801652892562,0.040805271389069225,53,Heavy Metal
Insomnium-Above-the-Weeping-World,23,18,1.2777777777777777,395,0.05822784810126582,0.040742251625711705,54,Melodic Death Metal
Annihilator-Never-Neverland,16,16,1,257,0.0622568093385214,0.040295721316922085,55,Thrash Metal
Possessed-Seven-Churches,34,34,1,632,0.05379746835443038,0.04025112029042835,56,Death Metal
Cryptopsy-None-So-Vile,152,123,1.2357723577235773,3319,0.04579692678517626,0.040069047127917125,57,Death Metal
Dissection-Storm-of-the-Lights-Bane,37,34,1.088235294117647,701,0.052781740370898715,0.039992124737657155,58,Black Metal
Testament-The-Legacy,14,13,1.0769230769230769,221,0.06334841628959276,0.03965038015623105,59,Thrash Metal
Immolation-Close-to-a-World-Below,143,118,1.2118644067796611,3144,0.045483460559796435,0.03962540613424049,60,Death Metal
Pantera-Cowboys-from-Hell,22,21,1.0476190476190477,386,0.05699481865284974,0.039522862237844666,61,Metal
Morbid-Angel-Covenant,42,34,1.2352941176470589,830,0.05060240963855422,0.039026273232315306,62,Death Metal
Exhorder-Slaughter-in-the-Vatican,22,21,1.0476190476190477,392,0.05612244897959184,0.0389112781494283,63,Thrash Metal
Carcass-Necroticism-Descanting-the-Insalubrious,24,20,1.2,435,0.05517241379310345,0.03889841842982195,64,Melodic Death Metal
Orphaned-Land-Mabool-The-Story-of-the-Three-Sons...,7,7,1,90,0.07777777777777778,0.038746283334643146,65,Folk
Paradise-Lost-Icon,9,9,1,128,0.0703125,0.038508543109056534,66,Doom Metal
Testament-The-Gathering,7,7,1,91,0.07692307692307693,0.038302484367788076,67,Thrash Metal
Sepultura-Chaos-A.D.,6,5,1.2,75,0.08,0.03720047535613345,68,Thrash Metal
Down-NOLA,79,69,1.144927536231884,1763,0.04480998298355077,0.037158284907768166,69,Sludge Metal
Morbid-Saint-Spectrum-of-Death,23,23,1,436,0.052752293577981654,0.036872648804393934,70,Thrash Metal
Heathen-Victims-of-Deception,50,46,1.0869565217391304,1086,0.04604051565377532,0.036306445891821346,71,Thrash Metal
Morbid-Angel-Blessed-Are-the-Sick,38,35,1.0857142857142856,799,0.04755944931163955,0.03614981720319715,72,Death Metal
Candlemass-Epicus-Doomicus-Metallicus,34,31,1.096774193548387,711,0.04781997187060478,0.03574718107844061,73,Doom Metal
Suffocation-Pierced-from-Within,49,45,1.0888888888888888,1080,0.04537037037037037,0.03568462538661514,74,Death Metal
Peste-Noire-La-Sanie-des-siecles---Panegyrique-de-la,14,12,1.1666666666666667,247,0.05668016194331984,0.03541145374130758,75,Black Metal
Judas-Priest-Stained-Class,50,48,1.0416666666666667,1116,0.044802867383512544,0.03532530107605605,76,Heavy Metal
Deathspell-Omega-Fas---Ite-Maledicti-In-Ignem-Aeternum,14,14,1,248,0.056451612903225805,0.03526643972283683,77,Black Metal
Carcass-Heartwork,65,57,1.1403508771929824,1500,0.043333333333333335,0.03521805318990549,78,Melodic Death Metal
Suffocation-Effigy-of-the-Forgotten,40,35,1.1428571428571428,872,0.045871559633027525,0.0351161633709178,79,Death Metal
Sodom-Persecution-Mania,11,11,1,183,0.060109289617486336,0.03506807911048848,80,Thrash Metal
Obliteration-Black-Death-Horizon,75,59,1.271186440677966,1776,0.04222972972972973,0.034831481602869335,81,Death Metal
Cryptopsy-Blasphemy-Made-Flesh,24,23,1.0434782608695652,490,0.04897959183673469,0.034492870142044635,82,Death Metal
Cradle-of-Filth-Dusk-and-Her-Embrace,30,28,1.0714285714285714,640,0.046875,0.03433754630824413,83,Black Metal
Paysage-dHiver-Winterkaelte,26,24,1.0833333333333333,545,0.047706422018348627,0.034091874099201634,84,Black Metal
Dio-Holy-Diver,26,26,1,556,0.046762589928057555,0.03341188461351879,85,Heavy Metal
Incantation-Mortal-Throne-of-Nazarene,13,8,1.625,245,0.053061224489795916,0.03245296727699094,86,Death Metal
Gorguts-Obscura,125,103,1.2135922330097086,3321,0.037639265281541705,0.03245141778782445,87,Death Metal
Summoning-Stronghold,15,15,1,294,0.05102040816326531,0.032404297584328084,88,Black Metal
Mercyful-Fate-Melissa,30,30,1,679,0.044182621502209134,0.03235140153109245,89,Heavy Metal
Kreator-Terrible-Certainty,6,6,1,86,0.06976744186046512,0.03221967262025588,90,Thrash Metal
Autopsy-Severed-Survival,20,13,1.5384615384615385,423,0.04728132387706856,0.03208607450568254,91,Death Metal
Electric-Wizard-Come-My-Fanatics...,13,13,1,248,0.05241935483870968,0.03205432443036832,92,Doom Metal
Iced-Earth-Night-of-the-Stormrider,21,19,1.105263157894737,455,0.046153846153846156,0.03163597691577419,93,Thrash Metal
Motorhead-Ace-of-Spades,11,11,1,203,0.054187192118226604,0.031548893028846614,94,Heavy Metal
Neurosis-Souls-at-Zero,35,27,1.2962962962962963,837,0.04181600955794504,0.03137126470069769,95,Post Metal
Opeth-Ghost-Reveries,45,35,1.2857142857142858,1119,0.040214477211796246,0.031263204534284654,96,Progressive Metal
Anthrax-Among-the-Living,20,20,1,441,0.045351473922902494,0.030764014015507553,97,Thrash Metal
Ulcerate-Everything-Is-Fire,98,78,1.2564102564102564,2706,0.03621581670362158,0.03060877783544986,98,Death Metal
Death-Human,70,58,1.206896551724138,1898,0.0368809272918862,0.030190886168469284,99,Death Metal
Judas-Priest-Defenders-of-the-Faith,20,20,1,451,0.04434589800443459,0.030075556428437903,100,Heavy Metal
Bolt-Thrower-The-IVth-Crusade,4,4,1,49,0.08163265306122448,0.029997381179751675,101,Death Metal
Demigod-Slumber-of-Sullen-Eyes,19,19,1,426,0.04460093896713615,0.029915530798317675,102,Death Metal
Iron-Maiden-Iron-Maiden,46,44,1.0454545454545454,1205,0.038174273858921165,0.029755746680231974,103,Heavy Metal
Metallica-Ride-the-Lightning,129,103,1.2524271844660195,3768,0.034235668789808917,0.029580043081077735,104,Thrash Metal
Akercocke-Words-That-Go-Unspoken...,8,8,1,145,0.05517241379310345,0.028708532112336184,105,Death Metal
Darkthrone-Under-a-Funeral-Moon,11,10,1.1,223,0.04932735426008968,0.02867137093411354,106,Black Metal
Kamelot-Karma,9,8,1.125,172,0.05232558139534884,0.028441895383428385,107,Power Metal
Moonsorrow-Verisakeet,19,15,1.2666666666666666,450,0.042222222222222223,0.028305403097469678,108,Folk
Dark-Tranquillity-Damage-Done,18,15,1.2,426,0.04225352112676056,0.02798473734501407,109,Melodic Death Metal
Demilich-Nespithe,44,29,1.5172413793103448,1220,0.036065573770491806,0.027939129135427967,110,Death Metal
Dissection-The-Somberlain,8,8,1,151,0.052980132450331126,0.027538637867249943,111,Black Metal
Judas-Priest-Sad-Wings-of-Destiny,76,69,1.1014492753623188,2296,0.033101045296167246,0.02731464020680588,112,Heavy Metal
Judas-Priest-Painkiller,48,48,1,1390,0.034532374100719423,0.027054009091198917,113,Heavy Metal
Ulcerate-The-Destroyers-of-All,35,28,1.25,987,0.03546099290780142,0.026579132063781034,114,Death Metal
Iron-Maiden-The-Number-of-the-Beast,49,42,1.1666666666666667,1448,0.03383977900552486,0.02657904390956651,115,Heavy Metal
Black-Sabbath-Master-of-Reality,98,96,1.0208333333333333,3151,0.031101237702316726,0.026274996847060663,116,Doom Metal
Emperor-Anthems-to-the-Welkin-at-Dusk,9,9,1,186,0.04838709677419355,0.026257220312590326,117,Black Metal
Iron-Maiden-Powerslave,59,53,1.1132075471698113,1807,0.0326508024349751,0.026222425974625475,118,Heavy Metal
Fates-Warning-Perfect-Symmetry,17,16,1.0625,425,0.04,0.026128310174610876,119,Progressive Metal
Dismember-Like-an-Ever-Flowing-Stream,28,24,1.1666666666666667,777,0.036036036036036036,0.026042399101767123,120,Death Metal
Immortal-Pure-Holocaust,8,8,1,160,0.05,0.025952121185254858,121,Black Metal
Metallica-...And-Justice-for-All,95,89,1.0674157303370786,3085,0.03079416531604538,0.025944057683702983,122,Thrash Metal
Deathspell-Omega-Si-Monvmentvm-Reqvires-Circvmspice,6,6,1,107,0.056074766355140186,0.02565368506985386,123,Black Metal
Megadeth-Peace-Sells...-But-Whos-Buying,60,60,1,1885,0.03183023872679045,0.025610201829766116,124,Thrash Metal
Kreator-Pleasure-to-Kill,13,13,1,310,0.041935483870967745,0.025564148705471045,125,Thrash Metal
Megadeth-Rust-in-Peace,204,171,1.1929824561403508,7117,0.028663762821413516,0.025526037531809116,126,Thrash Metal
Slayer-Hell-Awaits,15,15,1,380,0.039473684210526314,0.02499512481291807,127,Thrash Metal
Deicide-Deicide,23,21,1.0952380952380953,652,0.0352760736196319,0.02457560604008318,128,Death Metal
Cradle-of-Filth-Vempire-or-Dark-Fairytales-in-Phallustei,8,8,1,169,0.047337278106508875,0.024538303823314726,129,Black Metal
Slayer-Seasons-in-the-Abyss,29,25,1.16,864,0.03356481481481482,0.024394477058229558,130,Thrash Metal
Pestilence-Malleus-Maleficarum,12,12,1,295,0.04067796610169491,0.0242163864803055,131,Death Metal
Summoning-Minas-Morgul,14,14,1,362,0.03867403314917127,0.024041788670990556,132,Black Metal
Opeth-My-Arms-Your-Hearse,27,26,1.0384615384615385,813,0.033210332103321034,0.023835055517855547,133,Progressive Metal
Summoning-Oath-Bound,11,11,1,269,0.040892193308550186,0.023699242169152306,134,Black Metal
Suffocation-Human-Waste,5,5,1,88,0.056818181818181816,0.023521116936266184,135,Death Metal
Toxik-Think-This,27,26,1.0384615384615385,828,0.03260869565217391,0.023400866409778655,136,Thrash Metal
Children-of-Bodom-Hatebreeder,15,15,1,409,0.03667481662591687,0.023205837985506777,137,Melodic Death Metal
Nile-Annihilation-of-the-Wicked,15,15,1,410,0.036585365853658534,0.02314869588189748,138,Death Metal
Every-Time-I-Die-Low-Teens,16,16,1,445,0.035955056179775284,0.023120686167344175,139,Metalcore
Mayhem-De-Mysteriis-Dom-Sathanas,70,66,1.0606060606060606,2497,0.02803364036844213,0.022928579755814787,140,Black Metal
Gris-%C3%80-l%E2%80%99%C3%82me-Enflamm%C3%A9e-l%E2%80%99%C3%84me-Constell%C3%A9e%E2%80%A6,17,15,1.1333333333333333,484,0.03512396694214876,0.022916787445550695,141,Black Metal
Weakling-Dead-as-Dreams,26,24,1.0833333333333333,819,0.031746031746031744,0.02262318746896185,142,Black Metal
Decapitated-Winds-of-Creation,16,16,1,459,0.034858387799564274,0.022409372559684615,143,Death Metal
Gamma-Ray-Land-of-the-Free,5,5,1,94,0.05319148936170213,0.02194693124670738,144,Power Metal
Iron-Maiden-Somewhere-in-Time,38,36,1.0555555555555556,1326,0.02865761689291101,0.021725907883392813,145,Heavy Metal
At-the-Gates-Slaughter-of-the-Soul,39,38,1.0263157894736843,1368,0.02850877192982456,0.021694675966063344,146,Melodic Death Metal
Danzig-Danzig-II-Lucifuge,5,5,1,96,0.052083333333333336,0.021467837267799682,147,Doom Metal
Dark-Tranquillity-The-Gallery,30,23,1.3043478260869565,1024,0.029296875,0.02140101951834882,148,Melodic Death Metal
Vektor-Black-Future,14,14,1,408,0.03431372549019608,0.02130536586570763,149,Thrash Metal
Atheist-Unquestionable-Presence,50,45,1.1111111111111112,1860,0.026881720430107527,0.021150513031085335,150,Death Metal
Sacramentum-Far-Away-from-the-Sun,9,9,1,232,0.03879310344827586,0.020965055978972077,151,Black Metal
Immortal-Sons-of-Northern-Darkness,16,16,1,494,0.032388663967611336,0.020808885578887194,152,Black Metal
Slayer-South-of-Heaven,14,14,1,420,0.03333333333333333,0.02069099892968489,153,Thrash Metal
Machine-Head-Burn-My-Eyes,5,5,1,101,0.04950495049504951,0.02035658682714722,154,Thrash Metal
Corrosion-of-Conformity-Deliverance,4,4,1,70,0.05714285714285714,0.02035225276525724,155,Stoner Rock
Ulver-Bergtatt---Et-eeventyr-i-5-capitler,81,74,1.0945945945945945,3373,0.024014230655203084,0.019923978308140577,156,Experimental
Incantation-Diabolical-Conquest,8,8,1,209,0.03827751196172249,0.019754291260305184,157,Death Metal
Saint-Vitus-Born-Too-Late,8,8,1,209,0.03827751196172249,0.019754291260305184,157,Doom Metal
Death-The-Sound-of-Perseverance,74,63,1.1746031746031746,3081,0.024018175916910096,0.019749512978695566,159,Death Metal
Emperor-In-the-Nightside-Eclipse,27,23,1.173913043478261,981,0.027522935779816515,0.019734120614500264,160,Black Metal
Black-Sabbath-Paranoid,74,71,1.0422535211267605,3088,0.023963730569948185,0.01970464232353339,161,Doom Metal
Amorphis-Tales-From-the-Thousand-Lakes,5,5,1,106,0.04716981132075472,0.019354381893424095,162,Melodic Death Metal
Kyuss-Welcome-to-Sky-Valley,37,37,1,1450,0.025517241379310347,0.019260433314598084,163,Stoner Rock
Mastodon-Leviathan,55,54,1.0185185185185186,2285,0.024070021881838075,0.019154921015264934,164,Sludge Metal
Artillery-By-Inheritance,12,12,1,373,0.032171581769437,0.01910039106297094,165,Thrash Metal
Neurosis-Times-of-Grace,34,27,1.2592592592592593,1332,0.025525525525525526,0.0190187286236174,166,Post Metal
Type-O-Negative-October-Rust,7,7,1,180,0.03888888888888889,0.018952208687485792,167,Gothic
Overkill-Feel-the-Fire,4,4,1,75,0.05333333333333334,0.018899108746815677,168,Thrash Metal
Immolation-Unholy-Cult,13,13,1,422,0.030805687203791468,0.018717434498032957,169,Death Metal
Sodom-M-16,13,13,1,423,0.030732860520094562,0.018672780822100197,170,Thrash Metal
Norther-Mirror-of-Madness,3,3,1,45,0.06666666666666667,0.018651072549145734,171,Melodic Death Metal
Electric-Wizard-Dopethrone,32,31,1.032258064516129,1289,0.02482544608223429,0.018316824630934134,172,Doom Metal
Kreator-Coma-of-Souls,6,6,1,149,0.040268456375838924,0.018218174684564152,173,Thrash Metal
Dio-The-Last-in-Line,5,5,1,114,0.043859649122807015,0.017940610624402248,174,Heavy Metal
Windir-1184,6,6,1,152,0.039473684210526314,0.017848445146940464,175,Black Metal
Dead-Congregation-Graves-of-the-Archangels,13,13,1,444,0.02927927927927928,0.017781917868958927,176,Death Metal
Paysage-dHiver-Paysage-dHiver,16,14,1.1428571428571428,584,0.0273972602739726,0.017580195717363023,177,Black Metal
Darkthrone-Transilvanian-Hunger,12,12,1,411,0.029197080291970802,0.01731790589883016,178,Black Metal
Disillusion-Back-to-Times-of-Splendor,15,13,1.1538461538461537,549,0.0273224043715847,0.017245780765144943,179,Progressive Metal
Voivod-Killing-Technology,10,10,1,331,0.030211480362537766,0.016897223615086002,180,Thrash Metal
Iced-Earth-Burnt-Offerings,6,6,1,161,0.037267080745341616,0.01682402972011675,181,Thrash Metal
Iron-Maiden-Brave-New-World,17,16,1.0625,661,0.025718608169440244,0.01674287404443629,182,Heavy Metal
In-Flames-Whoracle,8,8,1,248,0.03225806451612903,0.016598431081636104,183,Melodic Death Metal
In-Flames-The-Jester-Race,36,35,1.0285714285714285,1631,0.022072348252605765,0.016583485920806145,184,Melodic Death Metal
Agalloch-Pale-Folklore,16,16,1,619,0.025848142164781908,0.01657976790757449,185,Black Metal
Iron-Maiden-Piece-of-Mind,13,13,1,477,0.027253668763102725,0.016541744377148858,186,Heavy Metal
Nevermore-Dead-Heart-In-A-Dead-World,5,5,1,124,0.04032258064516129,0.016438927292411917,187,Thrash Metal
Opeth-Blackwater-Park,81,68,1.1911764705882353,4147,0.019532191945985048,0.016198790795741172,188,Progressive Metal
Paradise-Lost-Draconian-Times,6,6,1,171,0.03508771929824561,0.015815301989762214,189,Doom Metal
Ulcerate-Shrines-of-Paralysis,56,45,1.2444444444444445,2836,0.019746121297602257,0.015740196865484626,190,Death Metal
Motorhead-Overkill,7,7,1,216,0.032407407407407406,0.015733929141570763,191,Heavy Metal
Enslaved-Below-the-Lights,6,6,1,173,0.03468208092485549,0.015627884786092117,192,Black Metal
Opeth-Still-Life,80,71,1.1267605633802817,4241,0.01886347559537845,0.01562436038230131,193,Progressive Metal
Vio-Lence-Eternal-Nightmare,4,4,1,91,0.04395604395604396,0.015378276273324797,194,Thrash Metal
Black-Sabbath-Black-Sabbath,30,30,1,1424,0.021067415730337078,0.015369409836167428,195,Doom Metal
Immolation-Majesty-and-Decay,31,31,1,1482,0.020917678812415654,0.015343990657751124,196,Death Metal
Melvins-Bullhead,6,5,1.2,177,0.03389830508474576,0.015266054507935303,197,Sludge Metal
Obituary-Cause-of-Death,12,12,1,470,0.02553191489361702,0.01512615302453856,198,Death Metal
Enslaved-RIITIIR,20,20,1,901,0.022197558268590455,0.014984853989688953,199,Black Metal
Dragged-Into-Sunlight-Hatred-For-Mankind,6,6,1,183,0.03278688524590164,0.014753641212458882,200,Death Metal
Accept-Balls-to-the-Wall,4,4,1,95,0.042105263157894736,0.014692947031855502,201,Heavy Metal
Wintersun-Wintersun,38,32,1.1875,1963,0.01935812531839022,0.014657056725936158,202,Melodic Death Metal
Opeth-Morningrise,34,34,1,1734,0.0196078431372549,0.014596862760408048,203,Progressive Metal
Destruction-Release-from-Agony,3,3,1,56,0.05357142857142857,0.014533200336047603,204,Thrash Metal
Godflesh-Pure,4,4,1,96,0.041666666666666664,0.014531006028696482,205,Industrial
Bathory-Hammerheart,8,7,1.1428571428571428,284,0.028169014084507043,0.014465040229779017,206,Black Metal
Windir-Likferd,4,4,1,97,0.041237113402061855,0.014372578190585836,207,Black Metal
Cult-of-Luna-Salvation,18,18,1,831,0.021660649819494584,0.014279204388689633,208,Post Metal
Vinterland-Welcome-My-Last-Chapter,8,8,1,290,0.027586206896551724,0.014161658562127213,209,Black Metal
Eyehategod-Dopesick,6,5,1.2,192,0.03125,0.014046374361763748,210,Sludge Metal
Dark-Tranquillity-Fiction,21,17,1.2352941176470589,1022,0.02054794520547945,0.014011852075571339,211,Melodic Death Metal
Neurosis-The-Eye-of-Every-Storm,41,28,1.4642857142857142,2249,0.01823032458870609,0.01395351346695305,212,Post Metal
Coldworld-Melancholie,20,17,1.1764705882352942,969,0.02063983488132095,0.013928743102759142,213,Black Metal
Insect-Warfare-World-Extermination,9,9,1,349,0.025787965616045846,0.013858736227434896,214,Grind
Windir-Arntor,4,4,1,101,0.039603960396039604,0.013771815910064135,215,Black Metal
S.O.D.-Speak-English-or-Die,10,10,1,407,0.02457002457002457,0.013712098213215883,216,Thrash Metal
Neurosis-Through-Silver-in-Blood,84,73,1.1506849315068493,5195,0.01616939364773821,0.013452784009570657,217,Post Metal
Black-Sabbath-Sabotage,20,20,1,1005,0.01990049751243781,0.013427724873398283,218,Doom Metal
Symphony-X-The-Odyssey,5,5,1,151,0.033112582781456956,0.013406967488062388,219,Progressive Metal
Strapping-Young-Lad-Alien,12,10,1.2,531,0.022598870056497175,0.013375879146566391,220,Industrial
Type-O-Negative-Bloody-Kisses,9,7,1.2857142857142858,363,0.024793388429752067,0.013318490289645652,221,Gothic
Nokturnal-Mortum-The-Voice-of-Steel,15,14,1.0714285714285714,715,0.02097902097902098,0.013219807186727455,222,Black Metal
Opeth-Damnation,31,25,1.24,1731,0.017908723281340265,0.013130659927455391,223,Progressive Metal
Black-Sabbath-Heaven-and-Hell,20,18,1.1111111111111112,1032,0.01937984496124031,0.013074993087857027,224,Doom Metal
Pantera-Vulgar-Display-of-Power,18,17,1.0588235294117647,909,0.019801980198019802,0.013048425426994886,225,Metal
Meshuggah-I,9,9,1,372,0.024193548387096774,0.01299288386085271,226,Progressive Metal
In-Flames-Colony,15,15,1,729,0.0205761316872428,0.012964554796663162,227,Melodic Death Metal
Overkill-The-Years-of-Decay,7,7,1,262,0.026717557251908396,0.01292814059250753,228,Thrash Metal
Edge-of-Sanity-Purgatory-Afterglow,9,9,1,378,0.023809523809523808,0.012784514431048676,229,Melodic Death Metal
Iron-Maiden-Killers,13,13,1,622,0.02090032154340836,0.012661538545618425,230,Heavy Metal
Pestilence-Testimony-of-the-Ancients,5,5,1,160,0.03125,0.01263011286711778,231,Death Metal
Alice-in-Chains-Dirt,57,57,1,3679,0.015493340581679805,0.012370295931477971,232,Grunge
Darkspace-Dark-Space-III,10,9,1.1111111111111112,451,0.022172949002217297,0.012362861584958744,233,Black Metal
Repulsion-Horrified,6,6,1,219,0.0273972602739726,0.012280042973211554,234,Grind
Bolt-Thrower-Those-Once-Loyal,9,7,1.2857142857142858,394,0.02284263959390863,0.012260191833165167,235,Death Metal
Dark-Tranquillity-Character,9,9,1,401,0.022443890274314215,0.012044084158760373,236,Melodic Death Metal
Cynic-Focus,54,43,1.255813953488372,3596,0.015016685205784204,0.011911852897908963,237,Progressive Metal
Neurosis-Given-to-the-Rising,27,26,1.0384615384615385,1635,0.01651376146788991,0.011818359630634948,238,Post Metal
Opeth-In-Live-Concert-at-the-Royal-Albert-Hall,4,4,1,117,0.03418803418803419,0.011797549340999539,239,Progressive Metal
Coroner-No-More-Color,9,9,1,416,0.021634615384615384,0.011605713495165069,240,Thrash Metal
Vektor-Outer-Isolation,12,12,1,612,0.0196078431372549,0.011594371695791245,241,Thrash Metal
Black-Sabbath-Vol.-4,33,33,1,2111,0.015632401705352912,0.011575440799952607,242,Doom Metal
Agalloch-Ashes-Against-the-Grain,31,26,1.1923076923076923,1964,0.015784114052953158,0.011569083148613424,243,Black Metal
Altar-of-Plagues-Teethed-Glory-and-Injury,18,14,1.2857142857142858,1040,0.01730769230769231,0.011398375446034304,244,Black Metal
Testament-The-New-Order,3,3,1,70,0.04285714285714286,0.011319696082520418,245,Thrash Metal
Watchtower-Control-and-Resistance,7,7,1,299,0.023411371237458192,0.011306183316745133,246,Progressive Metal
Anacrusis-Screams-and-Whispers,7,7,1,301,0.023255813953488372,0.011230022206889281,247,Thrash Metal
Melvins-Houdini,6,6,1,240,0.025,0.011185833178464805,248,Sludge Metal
Judas-Priest-Screaming-for-Vengeance,3,3,1,71,0.04225352112676056,0.011142960917930773,249,Heavy Metal
Ensiferum-Ensiferum,7,7,1,305,0.022950819672131147,0.011080736355134742,250,Folk
Vektor-Terminal-Redux,92,80,1.15,7093,0.012970534329620753,0.010880016927055921,251,Thrash Metal
Kvelertak-Kvelertak,22,22,1,1399,0.015725518227305217,0.010817202251730907,252,Black Metal
Moonsorrow-Jumalten-Aika,13,13,1,738,0.017615176151761516,0.010660908077772271,253,Folk
Deathspell-Omega-Paracletus,26,22,1.1818181818181819,1735,0.014985590778097982,0.010648066614775069,254,Black Metal
Mastodon-Crack-the-Skye,49,45,1.0888888888888888,3685,0.013297150610583446,0.010418684592428305,255,Sludge Metal
Warning-Watching-from-a-Distance,17,17,1,1091,0.015582034830430797,0.010119577611353011,256,Doom Metal
My-Dying-Bride-Turn-Loose-the-Swans,5,3,1.6666666666666667,201,0.024875621890547265,0.009991573272525815,257,Doom Metal
Edge-of-Sanity-Crimson-II,5,5,1,207,0.024154589371980676,0.009695089899514557,258,Melodic Death Metal
Agalloch-The-Mantle,55,54,1.0185185185185186,4588,0.011987794245858762,0.009527106889297216,259,Black Metal
Black-Sabbath-Sabbath-Bloody-Sabbath,21,21,1,1504,0.013962765957446808,0.009508698024630509,260,Doom Metal
diSEMBOWELMENT--Transcendence-into-the-Peripheral,11,11,1,675,0.016296296296296295,0.009363803157063609,261,Doom Metal
Danzig-Danzig-III-How-The-Gods-Kill,5,5,1,216,0.023148148148148147,0.009281922948316576,262,Doom Metal
Amon-Amarth-With-Oden-on-Our-Side,7,7,1,364,0.019230769230769232,0.009264136794502012,263,Melodic Death Metal
Strapping-Young-Lad-City,3,3,1,84,0.03571428571428571,0.00925849614249151,264,Industrial
Enslaved-Axioma-Ethica-Odini,22,17,1.2941176470588236,1638,0.013431013431013432,0.009234729714205372,265,Black Metal
Children-of-Bodom-Follow-the-Reaper,8,8,1,445,0.017977528089887642,0.009184691979939232,266,Melodic Death Metal
Wolves-in-the-Throne-Room-Two-Hunters,2,2,1,32,0.0625,0.009128737774005871,267,Black Metal
Burzum-Filosofem,14,13,1.0769230769230769,948,0.014767932489451477,0.009119540008391382,268,Black Metal
Misery-Signals-Controller,36,31,1.1612903225806452,3068,0.011734028683181226,0.008803169508732821,269,Metalcore
Gojira-From-Mars-to-Sirius,10,10,1,633,0.01579778830963665,0.00878652228282048,270,Death Metal
Neurosis-A-Sun-That-Never-Sets,22,21,1.0476190476190477,1729,0.012724117987275883,0.008747483862348943,271,Post Metal
Kamelot-Epica,5,5,1,233,0.02145922746781116,0.00859035299757772,272,Power Metal
Queensryche-Rage-for-Order,7,7,1,398,0.017587939698492462,0.008464410485960895,273,Progressive Metal
Ne-Obliviscaris-Portal-of-I,18,13,1.3846153846153846,1425,0.01263157894736842,0.008309992829380875,274,Progressive Metal
Converge-All-We-Love-We-Leave-Behind,50,47,1.0638297872340425,4755,0.010515247108307046,0.0082575593689513,275,Metalcore
Queensryche-Operation-Mindcrime,10,10,1,675,0.014814814814814815,0.008236652719890524,276,Progressive Metal
Sleep-Sleeps-Holy-Mountain,3,3,1,94,0.031914893617021274,0.00818934128913703,277,Stoner Rock
Blut-Aus-Nord-The-Work-Which-Transforms-God,6,6,1,336,0.017857142857142856,0.007947716194729549,278,Black Metal
Machine-Head-The-Blackening,13,13,1,989,0.01314459049544995,0.007944621118363863,279,Thrash Metal
Between-the-Buried-and-Me-Alaska,24,19,1.263157894736842,2120,0.011320754716981131,0.007917376890093086,280,Progressive Metal
Hypocrisy-Hypocrisy,3,3,1,97,0.030927835051546393,0.007914725921343867,281,Melodic Death Metal
Batushka-Litourgiya,8,8,1,523,0.015296367112810707,0.007804340991239594,282,Black Metal
Arcturus-The-Sham-Mirrors,5,5,1,257,0.019455252918287938,0.0077726643812256625,283,Progressive Metal
Misery-Signals-Of-Malice-and-the-Magnum-Heart,18,18,1,1562,0.011523687580025609,0.0075792333485506,284,Metalcore
Cynic-Traced-in-Air,38,33,1.1515151515151516,4114,0.009236752552260573,0.006983948626706921,285,Progressive Metal
Belakor-Stones-Reach,5,5,1,288,0.017361111111111112,0.006921547711188277,286,Melodic Death Metal
Fall-of-Efrafa-Inle,3,3,1,110,0.02727272727272727,0.006909239707448247,287,Post Metal
Converge-You-Fail-Me,27,27,1,2811,0.0096051227321238,0.006866024258585241,288,Metalcore
Katatonia-Brave-Murder-Day,4,4,1,197,0.02030456852791878,0.00686558761299013,289,Doom Metal
Converge-Jane-Doe,129,111,1.162162162162162,16405,0.007863456263334349,0.006781395515125091,290,Metalcore
Vital-Remains-Dechristianize,4,4,1,201,0.01990049751243781,0.006724878317431411,291,Death Metal
Sleep-Dopesmoker,6,6,1,404,0.01485148514851485,0.006595141233381938,292,Stoner Rock
Underoath-Define-the-Great-Line,29,24,1.2083333333333333,3200,0.0090625,0.006560405418054546,293,Metalcore
The-Dillinger-Escape-Plan-Miss-Machine,15,14,1.0714285714285714,1440,0.010416666666666666,0.006545764578339751,294,Metalcore
Ne-Obliviscaris-Citadel,14,10,1.4,1321,0.010598031794095382,0.006536891662096192,295,Progressive Metal
Drudkh-Autumn-Aurora,7,7,1,517,0.013539651837524178,0.00650030481464188,296,Black Metal
Dream-Theater-Metropolis-Pt.-2-Scenes-from-a-Memory,21,21,1,2221,0.00945520036019811,0.006433169713106573,297,Progressive Metal
Devin-Townsend-Terria,7,7,1,531,0.013182674199623353,0.006327561372904977,298,Progressive Rock
Rainbow-Long-Live-Rock-n-Roll,3,3,1,120,0.025,0.00629318873277793,299,Hard Rock
Botch-We-Are-the-Romans,19,18,1.0555555555555556,2047,0.009281875915974597,0.0061780712386218005,300,Metalcore
Tiamat-Wildhoney,5,5,1,323,0.015479876160990712,0.006159905927839717,301,Doom Metal
Soilwork-The-Living-Infinite,11,11,1,1041,0.010566762728146013,0.006059377266084716,302,Melodic Death Metal
Cult-of-Luna-Somewhere-Along-the-Highway,17,16,1.0625,1841,0.009234111895708854,0.005987954961777869,303,Post Metal
Horrendous-Anareta,6,6,1,457,0.01312910284463895,0.005822739900380323,304,Death Metal
Alcest-%C3%89cailles-de-Lune,19,19,1,2210,0.008597285067873304,0.005721550775621469,305,Shoegaze
Alcest-Kodama,13,9,1.4444444444444444,1430,0.00909090909090909,0.0054878926355489245,306,Shoegaze
Dream-Theater-Images-and-Words,10,10,1,1018,0.009823182711198428,0.005450807245142069,307,Progressive Metal
The-Dillinger-Escape-Plan-One-of-Us-Is-the-Killer,31,27,1.1481481481481481,4205,0.007372175980975029,0.005396449096808469,308,Metalcore
Iron-Maiden-Seventh-Son-of-a-Seventh-Son,6,6,1,504,0.011904761904761904,0.00527487948065734,309,Heavy Metal
HORSE-the-band-Desperate-Living,5,4,1.25,387,0.012919896640826873,0.005127962590855829,310,Metalcore
Gorguts-Pleiades-Dust,7,7,1,659,0.010622154779969651,0.005090661843190195,311,Death Metal
Between-the-Buried-and-Me-Colors,53,50,1.06,8342,0.006353392471829297,0.005023375875236472,312,Progressive Metal
Zao-Where-Blood-and-Fire-Bring-Rest,4,4,1,273,0.014652014652014652,0.004912042127877438,313,Metalcore
Tool-Lateralus,28,26,1.0769230769230769,4234,0.006613131790269249,0.004755899630646079,314,Progressive Metal
Tool-%C3%86nima,21,20,1.05,3087,0.006802721088435374,0.00462598594688866,315,Progressive Metal
Rage-Against-the-Machine-Rage-Against-the-Machine,16,16,1,2223,0.007197480881691408,0.004595252782886022,316,Metal
Malevolent-Creation-Retribution,3,3,1,163,0.018404907975460124,0.004545931985453316,317,Death Metal
Shining-SWE-V---Halmstad,4,4,1,296,0.013513513513513514,0.004522462927724697,318,Black Metal
Caladan-Brood-Echoes-Of-Battle,4,4,1,297,0.013468013468013467,0.004506920744165624,319,Black Metal
Animals-As-Leaders-The-Joy-of-Motion,9,7,1.2857142857142858,1156,0.007785467128027681,0.004151175827063282,320,Progressive Metal
Deftones-White-Pony,14,14,1,2111,0.006631927996210327,0.004086041957466373,321,Metal
Belakor-Vessels,5,5,1,501,0.00998003992015968,0.0039493183542449965,322,Melodic Death Metal
Kamelot-The-Black-Halo,5,5,1,504,0.00992063492063492,0.0039255729107968585,323,Power Metal
Equilibrium-Sagas,6,6,1,693,0.008658008658008658,0.0038268660000343483,324,Folk
The-Ocean-Precambrian,7,7,1,905,0.0077348066298342545,0.003700420921859851,325,Post Metal
Voivod-Nothingface,3,3,1,202,0.01485148514851485,0.0036298643679233064,326,Thrash Metal
System-of-a-Down-Toxicity,9,9,1,1348,0.0066765578635014835,0.0035581682032926627,327,Metal
Haken-The-Mountain,5,5,1,574,0.008710801393728223,0.0034425917674603193,328,Progressive Metal
Burst-Lazarus-Bird,4,4,1,388,0.010309278350515464,0.0034330911678014508,329,Progressive Metal
Drudkh-Blood-In-Our-Wells,3,3,1,214,0.014018691588785047,0.0034177777469677362,330,Black Metal
Swallow-the-Sun-The-Morning-Never-Came,3,3,1,215,0.013953488372093023,0.0034012145486508084,331,Doom Metal
Leprous-Bilateral,3,3,1,217,0.013824884792626729,0.0033685640381747387,332,Progressive Metal
The-Dillinger-Escape-Plan-Dissociation,9,9,1,1471,0.006118286879673691,0.003259842204278365,333,Metalcore
Pig-Destroyer-Terrifyer,5,5,1,612,0.008169934640522876,0.0032270505807097793,334,Grind
Isis-Oceanic,10,8,1.25,1740,0.005747126436781609,0.003183949255740234,335,Post Metal
The-Dillinger-Escape-Plan-Option-Paralysis,20,20,1,4230,0.004728132387706856,0.003180157039079674,336,Metalcore
Dan-Swano-Moontower,3,3,1,230,0.013043478260869565,0.003170688563936163,337,Melodic Death Metal
Moonsorrow-V-Havitetty,4,4,1,422,0.009478672985781991,0.003152415154845545,338,Folk
Devin-Townsend-Ocean-Machine-Biomech,10,9,1.1111111111111112,1768,0.005656108597285068,0.0031334128517331535,339,Progressive Rock
Godflesh-Streetcleaner,5,5,1,699,0.00715307582260372,0.0028224580978603283,340,Industrial
Dir-En-Grey-Uroboros,4,4,1,487,0.008213552361396304,0.002726270477045963,341,Progressive Metal
Pig-Destroyer-Prowler-in-the-Yard,3,3,1,268,0.011194029850746268,0.0027058686436203603,342,Grind
Scorpions-Love-At-First-Sting,2,2,1,78,0.02564102564102564,0.0026696821480672317,343,Hard Rock
Porcupine-Tree-In-Absentia,6,6,1,1002,0.005988023952095809,0.0026413547167030635,344,Progressive Rock
Ulver-Shadows-of-the-Sun,5,5,1,793,0.006305170239596469,0.0024857261338690423,345,Experimental
Brutal-Truth-Extreme-Conditions-Demand-Extreme-Responses,2,2,1,84,0.023809523809523808,0.0024254381012677947,346,Grind
Kyuss-Blues-for-the-Red-Sun,2,2,1,84,0.023809523809523808,0.0024254381012677947,346,Stoner Rock
Acid-Bath-When-the-Kite-String-Pops,3,3,1,304,0.009868421052631578,0.0023757623593899622,348,Sludge Metal
Isis-Panopticon,7,7,1,1413,0.004953998584571833,0.002366042509614372,349,Post Metal
Mr.-Bungle-Mr.-Bungle,2,2,1,88,0.022727272727272728,0.002284806975211457,350,Experimental
Soundgarden-Superunknown,7,7,1,1539,0.004548408057179987,0.0021717939953634583,351,Grunge
Rosetta-The-Galilean-Satellites,4,4,1,624,0.00641025641025641,0.0021216987877229502,352,Post Metal
7-Angels-7-Plagues-Jhazmynes-Lullaby,3,3,1,341,0.008797653958944282,0.002110992254237505,353,Metalcore
Anacrusis-Manic-Impressions,4,4,1,636,0.006289308176100629,0.0020812701311213625,354,Thrash Metal
Judas-Priest-Unleashed-in-the-East,2,2,1,98,0.02040816326530612,0.001992796188363708,355,Heavy Metal
Dream-Theater-Awake,4,4,1,667,0.005997001499250375,0.0019836251015097495,356,Progressive Metal
Anathema-Judgement,4,4,1,691,0.005788712011577424,0.0019141000843773959,357,Progressive Rock
Amia-Venera-Landscape-The-Long-Procession,10,10,1,2975,0.0033613445378151263,0.0018604655500788923,358,Post Hardcore
The-Devin-Townsend-Band-Accelerated-Evolution,3,3,1,389,0.007712082262210797,0.0018442799501820015,359,Progressive Rock
Converge-Axe-to-Fall,13,13,1,4261,0.0030509270124383947,0.0018384081476973116,360,Metalcore
Symphony-X-The-Divine-Wings-of-Tragedy,2,2,1,106,0.018867924528301886,0.0018059678032357508,361,Progressive Metal
Death-Angel-The-Ultra-Violence,2,2,1,109,0.01834862385321101,0.0017442683595179122,362,Thrash Metal
Mr.-Bungle-California,4,4,1,763,0.005242463958060288,0.0017319817398114192,363,Experimental
Porcupine-Tree-Fear-of-a-Blank-Planet,4,4,1,787,0.005082592121982211,0.0016787393499469293,364,Progressive Rock
Mayhem-Live-in-Leipzig,2,2,1,114,0.017543859649122806,0.0016499458701816662,365,Black Metal
Kayo-Dot-Hubardo,5,5,1,1213,0.004122011541632316,0.0016213924084972683,366,Experimental
Amenra-Mass-V,3,3,1,442,0.006787330316742082,0.0016184497685530885,367,Post Metal
Helmet-Betty,2,2,1,134,0.014925373134328358,0.0013540158843471893,368,Post Hardcore
Integrity-Those-Who-Fear-Tomorrow,3,3,1,534,0.0056179775280898875,0.0013346997340044995,369,Hardcore
Diablo-Swing-Orchestra-Pandoras-Pinata,2,2,1,142,0.014084507042253521,0.0012625758770212978,370,Metal
Symphony-X-V-The-New-Mythology-Suite,2,2,1,144,0.013888888888888888,0.0012415555517443187,371,Progressive Metal
Deftones-Diamond-Eyes,15,15,1,7789,0.0019257927846963667,0.001207444952280594,372,Metal
Fear-Before-The-Always-Open-Mouth,4,4,1,1106,0.003616636528028933,0.0011917707755920237,373,Post Hardcore
Dir-En-Grey-Dum-Spiro-Spero,3,3,1,615,0.004878048780487805,0.0011562019866986177,374,Progressive Metal
Exodus-Bonded-by-Blood,2,2,1,155,0.012903225806451613,0.0011370943793347597,375,Thrash Metal
Anathema-Were-Here-Because-Were-Here,4,4,1,1400,0.002857142857142857,9.403605434530134e-4,376,Progressive Rock
Earth-Earth-2,2,2,1,183,0.01092896174863388,9.352060358725888e-4,377,Drone
Blind-Guardian-Nightfall-in-Middle-Earth,2,2,1,198,0.010101010101010102,8.534786196683995e-4,378,Power Metal
Pig-Destroyer-Phantom-Limb,2,2,1,224,0.008928571428571428,7.407419126684005e-4,379,Grind
SikTh-Death-of-a-Dead-Day,3,3,1,999,0.003003003003003003,7.075362937212161e-4,380,Progressive Metal
Nightwish-Oceanborn,2,2,1,235,0.00851063829787234,7.014082778792428e-4,381,Power Metal
Eyehategod-Take-as-Needed-for-Pain,2,2,1,237,0.008438818565400843,6.94694283860188e-4,382,Sludge Metal
Deftones-Koi-No-Yokan,6,6,1,4760,0.0012605042016806723,5.540063094440609e-4,383,Metal
maudlin-of-the-Well-Bath,2,2,1,305,0.006557377049180328,5.235651512041587e-4,384,Experimental
Boris-Pink,2,2,1,315,0.006349206349206349,5.051960893903956e-4,385,Drone
Nocturnus-The-Key,2,2,1,341,0.005865102639296188,4.629164875815592e-4,386,Death Metal
Lykathea-Aflame-Elvenefris,2,2,1,384,0.005208333333333333,4.0653874457304614e-4,387,Death Metal
The-Chariot-Long-Live,2,2,1,426,0.004694835680751174,3.632496213401967e-4,388,Hardcore
Incubus-Make-Yourself,2,2,1,427,0.00468384074941452,3.6233032127235e-4,389,Alternative Rock
Deftones-Around-the-Fur,2,2,1,503,0.003976143141153081,3.038308193919585e-4,390,Metal
Cult-of-Luna-The-Beyond,2,2,1,512,0.00390625,2.9812525338280237e-4,391,Post Metal
X-Japan-Art-of-Life,2,2,1,552,0.0036231884057971015,2.7515067029186026e-4,392,Progressive Metal
Zao-Liberate-Te-Ex-Inferis,2,2,1,552,0.0036231884057971015,2.7515067029186026e-4,392,Metalcore
The-Angelic-Process-Weighing-Souls-With-Sand,2,2,1,655,0.0030534351145038168,2.2955249052328437e-4,394,Shoegaze
Faith-No-More-King-for-a-Day...-Fool-for-a-Lifetime,2,2,1,712,0.0028089887640449437,2.1025414576757075e-4,395,Alternative Rock
Devin-Townsend-Project-Addicted,2,2,1,885,0.0022598870056497176,1.6748602896228277e-4,396,Progressive Metal
Alice-in-Chains-Jar-of-Flies,2,2,1,946,0.0021141649048625794,1.562715875666307e-4,397,Grunge
Ulver-Perdition-City,2,2,1,1039,0.0019249278152069298,1.417932983265157e-4,398,Experimental
Dir-En-Grey-Arche,2,2,1,1077,0.0018570102135561746,1.3662043968879845e-4,399,Progressive Metal
Protest-the-Hero-Kezia,2,2,1,1475,0.0013559322033898306,9.883955230533112e-5,400,Progressive Metal
A-Perfect-Circle-Thirteenth-Step,1,1,1,329,0.00303951367781155,0,401,Alternative Rock
Accept-Blood-of-the-Nations,0,0,NaN,43,0,0,401,Heavy Metal
Accept-Metal-Heart,0,0,NaN,34,0,0,401,Heavy Metal
Acid-Bath-Paegan-Terrorism-Tactics,0,0,NaN,115,0,0,401,Sludge Metal
Alice-in-Chains-MTV-Unplugged,0,0,NaN,47,0,0,401,Grunge
Anata-The-Conductors-Departure,0,0,NaN,123,0,0,401,Death Metal
Anathema-Alternative-4,0,0,NaN,242,0,0,401,Progressive Rock
Angra-Temple-of-Shadows,0,0,NaN,90,0,0,401,Power Metal
Animals-As-Leaders-Animals-as-Leaders,0,0,NaN,315,0,0,401,Progressive Metal
Ayreon-Into-the-Electric-Castle,0,0,NaN,14,0,0,401,Progressive Metal
Ayreon-The-Human-Equation,0,0,NaN,121,0,0,401,Progressive Metal
Battle-Of-Mice-A-Day-Of-Nights,0,0,NaN,80,0,0,401,Post Metal
Between-the-Buried-and-Me-Colors_Live,0,0,NaN,263,0,0,401,Progressive Metal
Black-Flag-Damaged,0,0,NaN,292,0,0,401,Hardcore
Black-Flag-My-War,0,0,NaN,142,0,0,401,Hardcore
Black-Flag-Nervous-Breakdown,0,0,NaN,67,0,0,401,Hardcore
Black-Flag-The-First-Four-Years,0,0,NaN,21,0,0,401,Hardcore
Black-Sabbath-We-Sold-Our-Soul-For-Rock-N-Roll,0,0,NaN,23,0,0,401,Doom Metal
Blind-Guardian-A-Night-at-the-Opera,0,0,NaN,97,0,0,401,Power Metal
Blind-Guardian-Imaginations-from-the-Other-Side,0,0,NaN,119,0,0,401,Power Metal
Blind-Guardian-Somewhere-Far-Beyond,1,1,1,151,0.006622516556291391,0,401,Power Metal
Blindead-Affliction-XXIX-II-MCMXCVI,0,0,NaN,101,0,0,401,Post Metal
Blue-Oyster-Cult-Fire-of-Unknown-Origin,0,0,NaN,37,0,0,401,Hard Rock
Blue-Oyster-Cult-Secret-Treaties,0,0,NaN,94,0,0,401,Hard Rock
Blut-Aus-Nord-Memoria-Vetusta-II---Dialogue-With-The-Stars,1,1,1,193,0.0051813471502590676,0,401,Black Metal
Boris-Akuma-no-Uta,0,0,NaN,138,0,0,401,Drone
Boris-Boris-At-Last--Feedbacker-,0,0,NaN,248,0,0,401,Drone
Boris-Flood,0,0,NaN,484,0,0,401,Drone
Botch-An-Anthology-of-Dead-Ends,1,1,1,296,0.0033783783783783786,0,401,Metalcore
Bruce-Dickinson-Accident-of-Birth,0,0,NaN,16,0,0,401,Heavy Metal
Bruce-Dickinson-The-Chemical-Wedding,0,0,NaN,45,0,0,401,Heavy Metal
Buckethead-Colma,0,0,NaN,24,0,0,401,Experimental
Buckethead-Electric-Tears,0,0,NaN,33,0,0,401,Experimental
Buckethead-Population-Override,0,0,NaN,30,0,0,401,Experimental
Burst-Origo,0,0,NaN,237,0,0,401,Progressive Metal
Burzum-Det-som-engang-var,0,0,NaN,17,0,0,401,Black Metal
Burzum-Hvis-lyset-tar-oss,1,1,1,155,0.0064516129032258064,0,401,Black Metal
Cave-In-Jupiter,0,0,NaN,149,0,0,401,Progressive Rock
Children-of-Bodom-Tokyo-Warhearts,0,0,NaN,26,0,0,401,Melodic Death Metal
Cloudkicker-Beacons,0,0,NaN,272,0,0,401,Progressive Metal
Coalesce-012-Revolution-in-Just-Listening,0,0,NaN,73,0,0,401,Hardcore
Corelia-Nostalgia,0,0,NaN,514,0,0,401,Progressive Metal
Cult-of-Luna-and-Julie-Christmas-Mariner,1,1,1,928,0.0010775862068965517,0,401,Post Metal
Cursed-II,0,0,NaN,146,0,0,401,Hardcore
Cypress-Hill-Black-Sunday,0,0,NaN,39,0,0,401,Hip-Hop
Cypress-Hill-Cypress-Hill,0,0,NaN,19,0,0,401,Hip-Hop
Death-Leprosy,0,0,NaN,23,0,0,401,Death Metal
Deathspell-Omega-Kenose,0,0,NaN,18,0,0,401,Black Metal
Dream-Theater-Live-at-Budokan,0,0,NaN,41,0,0,401,Progressive Metal
Dream-Theater-Live-Scenes-From-New-York,0,0,NaN,20,0,0,401,Progressive Metal
Dream-Theater-Score,0,0,NaN,32,0,0,401,Progressive Metal
Dream-Theater-Six-Degrees-of-Inner-Turbulence,0,0,NaN,153,0,0,401,Progressive Metal
Enslaved-Isa,0,0,NaN,46,0,0,401,Black Metal
Entombed-Clandestine,0,0,NaN,93,0,0,401,Death Metal
Epica-Design-Your-Universe,0,0,NaN,50,0,0,401,Power Metal
Faith-No-More-Angel-Dust,0,0,NaN,174,0,0,401,Alternative Rock
Faith-No-More-The-Real-Thing,1,1,1,254,0.003937007874015748,0,401,Alternative Rock
Fates-Warning-Awaken-the-Guardian,0,0,NaN,188,0,0,401,Progressive Metal
Fates-Warning-No-Exit,0,0,NaN,41,0,0,401,Progressive Metal
Fates-Warning-Parallels,1,1,1,272,0.003676470588235294,0,401,Progressive Metal
Gamma-Ray-No-World-Order,0,0,NaN,19,0,0,401,Power Metal
Gamma-Ray-Somewhere-Out-in-Space,1,1,1,54,0.018518518518518517,0,401,Power Metal
Giant-Squid-The-Ichthyologist,1,1,1,73,0.0136986301369863,0,401,Progressive Rock
Gojira-The-Way-of-All-Flesh,0,0,NaN,15,0,0,401,Death Metal
Gorod-Leading-Vision,0,0,NaN,144,0,0,401,Death Metal
Helloween-Keeper-of-the-Seven-Keys-Part-I,0,0,NaN,89,0,0,401,Power Metal
Helloween-Keeper-of-the-Seven-Keys-Part-II,0,0,NaN,63,0,0,401,Power Metal
Helmet-Meantime,0,0,NaN,193,0,0,401,Post Hardcore
Hopesfall-No-Wings-To-Speak-Of,0,0,NaN,108,0,0,401,Post Hardcore
Hopesfall-The-Satellite-Years,1,1,1,533,0.001876172607879925,0,401,Post Hardcore
Hypocrisy-Abducted,0,0,NaN,84,0,0,401,Melodic Death Metal
Hypocrisy-The-Final-Chapter,0,0,NaN,43,0,0,401,Melodic Death Metal
Ihsahn-After,1,1,1,239,0.0041841004184100415,0,401,Progressive Metal
In-Mourning-Shrouded-Divine,0,0,NaN,616,0,0,401,Progressive Metal
Incubus-Alive-at-Red-Rocks,0,0,NaN,19,0,0,401,Alternative Rock
Incubus-S.C.I.E.N.C.E.,0,0,NaN,25,0,0,401,Alternative Rock
Insomnium-Since-the-Day-It-All-Came-Down,1,1,1,265,0.0037735849056603774,0,401,Melodic Death Metal
Intronaut-The-Direction-of-Last-Things,0,0,NaN,45,0,0,401,Post Metal
Iron-Maiden-Best-of-the-Beast,0,0,NaN,19,0,0,401,Heavy Metal
Iron-Maiden-Rock-in-Rio,0,0,NaN,32,0,0,401,Heavy Metal
Iron-Maiden-Rock-in-Rio-DVD,0,0,NaN,30,0,0,401,Heavy Metal
Jakob-Solace,1,1,1,289,0.0034602076124567475,0,401,Post Rock
Janes-Addiction-Nothings-Shocking,0,0,NaN,63,0,0,401,Alternative Rock
John-Petrucci-Suspended-Animation,0,0,NaN,25,0,0,401,Progressive Metal
Kalmah-Swampsong,1,1,1,71,0.014084507042253521,0,401,Melodic Death Metal
Kalmah-They-Will-Return,0,0,NaN,96,0,0,401,Melodic Death Metal
Karnivool-Sound-Awake,0,0,NaN,303,0,0,401,Progressive Rock
Karnivool-Themata,0,0,NaN,364,0,0,401,Progressive Rock
Katatonia-Last-Fair-Deal-Gone-Down,0,0,NaN,23,0,0,401,Doom Metal
Katatonia-The-Great-Cold-Distance,0,0,NaN,51,0,0,401,Doom Metal
Kayo-Dot-Choirs-of-the-Eye,0,0,NaN,668,0,0,401,Experimental
Kayo-Dot-Dowsing-Anemone-With-Copper-Tongue,0,0,NaN,78,0,0,401,Experimental
Killing-Joke-Killing-Joke,0,0,NaN,68,0,0,401,Post Punk
King-Diamond-Conspiracy,1,1,1,60,0.016666666666666666,0,401,Heavy Metal
King-Diamond-Them,1,1,1,70,0.014285714285714285,0,401,Heavy Metal
Lamb-of-God-Killadelphia,0,0,NaN,53,0,0,401,Thrash Metal
Leprous-Tall-Poppy-Syndrome,0,0,NaN,66,0,0,401,Progressive Metal
Liquid-Tension-Experiment-Liquid-Tension-Experiment-2,0,0,NaN,47,0,0,401,Progressive Metal
Living-Colour-Vivid,0,0,NaN,309,0,0,401,Funk
maudlin-of-the-Well-Leaving-Your-Body-Map,1,1,1,401,0.0024937655860349127,0,401,Experimental
maudlin-of-the-Well-Part-the-Second,0,0,NaN,266,0,0,401,Experimental
Megadeth-Greatest-Hits-Back-to-the-Start,0,0,NaN,50,0,0,401,Thrash Metal
Melvins-Gluey-Porch-Treatments,1,1,1,86,0.011627906976744186,0,401,Sludge Metal
Melvins-Lysol,0,0,NaN,83,0,0,401,Sludge Metal
Metallica-Live-Shit-Binge--Purge,0,0,NaN,143,0,0,401,Thrash Metal
Metallica-Master-of-Puppets,0,0,NaN,59,0,0,401,Thrash Metal
Ministry-Psalm-69,0,0,NaN,67,0,0,401,Industrial
Ministry-The-Mind-Is-a-Terrible-Thing-to-Taste,0,0,NaN,21,0,0,401,Industrial
Mirrorthrone-Carriers-of-Dust,0,0,NaN,254,0,0,401,Black Metal
Moonsorrow-Kivenkantaja,0,0,NaN,127,0,0,401,Folk
Moonsorrow-Voimasta-Ja-Kunniasta,0,0,NaN,39,0,0,401,Folk
Moonspell-Wolfheart,0,0,NaN,40,0,0,401,Gothic
Motorhead-Inferno,0,0,NaN,28,0,0,401,Heavy Metal
Motorhead-Iron-Fist,1,1,1,31,0.03225806451612903,0,401,Heavy Metal
Mr.-Bungle-Disco-Volante,1,1,1,384,0.0026041666666666665,0,401,Experimental
Mudvayne-L.D.-50,0,0,NaN,1113,0,0,401,Nu-metal
My-Dying-Bride-The-Angel-and-the-Dark-River,1,1,1,114,0.008771929824561403,0,401,Doom Metal
My-Dying-Bride-The-Dreadful-Hours,0,0,NaN,112,0,0,401,Doom Metal
Napalm-Death-From-Enslavement-to-Obliteration,0,0,NaN,6,0,0,401,Grind
Nasum-Shift,0,0,NaN,38,0,0,401,Grind
Negura-Bunget-OM,0,0,NaN,124,0,0,401,Black Metal
Nevermore-Dreaming-Neon-Black,0,0,NaN,6,0,0,401,Thrash Metal
Nevermore-This-Godless-Endeavor,1,1,1,277,0.0036101083032490976,0,401,Thrash Metal
Norma-Jean-Polar-Similar,0,0,NaN,578,0,0,401,Metalcore
Obituary-Slowly-We-Rot,0,0,NaN,193,0,0,401,Death Metal
Om-Conference-of-the-Birds,0,0,NaN,67,0,0,401,Psychedelic
Opeth-Lamentations,0,0,NaN,35,0,0,401,Progressive Metal
Ozzy-Osbourne-Blizzard-of-Ozz,0,0,NaN,195,0,0,401,Heavy Metal
Ozzy-Osbourne-Diary-of-a-Madman,0,0,NaN,62,0,0,401,Heavy Metal
Ozzy-Osbourne-Tribute,0,0,NaN,29,0,0,401,Heavy Metal
Pain-of-Salvation-Remedy-Lane,0,0,NaN,116,0,0,401,Progressive Metal
Pain-of-Salvation-The-Perfect-Element-Part-1,0,0,NaN,167,0,0,401,Progressive Metal
Pantera-Official-Live-101-Proof,0,0,NaN,40,0,0,401,Metal
Pantera-Reinventing-Hell-The-Best-of-Pantera,0,0,NaN,12,0,0,401,Metal
Pelican-The-Fire-in-Our-Throats-Will-Beckon...,1,1,1,254,0.003937007874015748,0,401,Post Metal
Periphery-Periphery-Instrumental,0,0,NaN,54,0,0,401,Progressive Metal
Plini-Sweet-Nothings,0,0,NaN,1,0,0,401,Progressive Metal
Poison-the-Well-The-Opposite-of-December,0,0,NaN,625,0,0,401,Metalcore
Poison-the-Well-You-Come-Before-You,0,0,NaN,492,0,0,401,Metalcore
Porcupine-Tree-Anesthetize,0,0,NaN,51,0,0,401,Progressive Rock
Porcupine-Tree-Arriving-Somewhere...,0,0,NaN,28,0,0,401,Progressive Rock
Porcupine-Tree-Deadwing,0,0,NaN,73,0,0,401,Progressive Rock
Porcupine-Tree-Lightbulb-Sun,0,0,NaN,235,0,0,401,Progressive Rock
Porcupine-Tree-Stupid-Dream,0,0,NaN,36,0,0,401,Progressive Rock
Porcupine-Tree-The-Sky-Moves-Sideways,0,0,NaN,277,0,0,401,Progressive Rock
Primordial-The-Gathering-Wilderness,0,0,NaN,114,0,0,401,Black Metal
Primordial-To-the-Nameless-Dead,1,1,1,307,0.003257328990228013,0,401,Black Metal
Propagandhi-Potemkin-City-Limits,0,0,NaN,53,0,0,401,Punk
Propagandhi-Supporting-Caste,0,0,NaN,505,0,0,401,Punk
Propagandhi-Todays-Empires-Tomorrows-Ashes,0,0,NaN,63,0,0,401,Punk
Protest-the-Hero-Fortress,0,0,NaN,3133,0,0,401,Progressive Metal
Protest-the-Hero-Fortress-Instrumental,0,0,NaN,215,0,0,401,Progressive Metal
Psycroptic-The-Scepter-of-the-Ancients,1,1,1,151,0.006622516556291391,0,401,Death Metal
Quo-Vadis-Defiant-Imagination,0,0,NaN,78,0,0,401,Melodic Death Metal
Rage-Against-the-Machine-Live-at-the-Grand-Olympic-Auditorium-DVD,0,0,NaN,40,0,0,401,Metal
Rainbow-Rising,1,1,1,31,0.03225806451612903,0,401,Hard Rock
Rainbow-Ritchie-Blackmores-Rainbow,0,0,NaN,86,0,0,401,Hard Rock
Rhapsody-of-Fire-Power-of-the-Dragonflame,0,0,NaN,23,0,0,401,Power Metal
Riverside-Out-of-Myself,0,0,NaN,170,0,0,401,Progressive Rock
Rosetta-A-Determinism-of-Morality,1,1,1,1336,7.485029940119761e-4,0,401,Post Metal
Rosetta-Wake-Lift,0,0,NaN,297,0,0,401,Post Metal
Rotten-Sound-Exit,0,0,NaN,50,0,0,401,Grind
Satyricon-Nemesis-Divina,1,1,1,129,0.007751937984496124,0,401,Black Metal
Savatage-Gutter-Ballet,0,0,NaN,74,0,0,401,Heavy Metal
Savatage-The-Hall-of-the-Mountain-King,0,0,NaN,87,0,0,401,Heavy Metal
Saxon-Wheels-of-Steel,0,0,NaN,19,0,0,401,Heavy Metal
Scale-the-Summit-The-Collective,0,0,NaN,110,0,0,401,Progressive Metal
Scorpions-Blackout,0,0,NaN,63,0,0,401,Hard Rock
Scorpions-Lovedrive,0,0,NaN,70,0,0,401,Hard Rock
Sepultura-Arise,1,1,1,54,0.018518518518518517,0,401,Thrash Metal
Shai-Hulud-That-Within-Blood-Ill-Tempered,0,0,NaN,23,0,0,401,Hardcore
Sigh-Imaginary-Sonicscape,0,0,NaN,301,0,0,401,Black Metal
SikTh-The-Trees-Are-Dead-and-Dried-Out-,1,1,1,702,0.0014245014245014246,0,401,Progressive Metal
Slayer-Decade-of-Aggression,0,0,NaN,23,0,0,401,Thrash Metal
Slayer-Haunting-the-Chapel,1,1,1,83,0.012048192771084338,0,401,Thrash Metal
Soundgarden-Badmotorfinger,0,0,NaN,36,0,0,401,Grunge
Steve-Vai-Passion-and-Warfare,0,0,NaN,47,0,0,401,Rock
Stratovarius-Visions,0,0,NaN,33,0,0,401,Power Metal
Suicidal-Tendencies-How-Will-I-Laugh-Tomorrow-If-I-Cant-Even-Smile-Today,1,1,1,50,0.02,0,401,Hardcore
Suicidal-Tendencies-Lights...Camera...Revolution,0,0,NaN,48,0,0,401,Hardcore
Suicidal-Tendencies-Suicidal-Tendencies,0,0,NaN,111,0,0,401,Hardcore
Taake-Hordalands-Doedskvad,0,0,NaN,144,0,0,401,Black Metal
The-Chariot-One-Wing,0,0,NaN,1070,0,0,401,Hardcore
The-Dillinger-Escape-Plan-Calculating-Infinity,0,0,NaN,39,0,0,401,Metalcore
The-Dillinger-Escape-Plan-Irony-Is-a-Dead-Scene,0,0,NaN,519,0,0,401,Metalcore
The-Ocean-Pelagial,1,1,1,424,0.0023584905660377358,0,401,Post Metal
The-Pax-Cecilia-Blessed-Are-The-Bonds,0,0,NaN,403,0,0,401,Post Metal
Thin-Lizzy-Jailbreak,0,0,NaN,150,0,0,401,Hard Rock
Uneven-Structure-Februus,1,1,1,391,0.0025575447570332483,0,401,Progressive Metal
Voivod-Dimension-Hatross,1,1,1,298,0.003355704697986577,0,401,Thrash Metal
We-Lost-the-Sea-Departure-Songs,0,0,NaN,289,0,0,401,Post Rock
X-Japan-Blue-Blood,1,1,1,39,0.02564102564102564,0,401,Progressive Metal
Yngwie-Malmsteen-Rising-Force,0,0,NaN,39,0,0,401,Metal
