album,total_m,m_comments,m_ratio,total_comments,m_per_comment,m_per_comment_l95,m_per_comment_user,avg_date,m_over_xM,m_over_xM_rank,Primary Genre
Morbid-Angel-Altars-of-Madness,222,158,1.4050632911392404,3076,0.07217165149544863,0.0647412119304254,0.03150768843236706,2014-04-16,125.08235038203891,1,Death Metal
Cryptopsy-None-So-Vile,152,123,1.2357723577235773,3319,0.04579692678517626,0.040069047127917125,0.02592741496637135,2012-11-19,65.9469097266135,2,Death Metal
Death-Symbolic,206,166,1.2409638554216869,4038,0.05101535413571075,0.04551476884261518,0.03481898597362059,2015-10-15,65.40093463852006,3,Death Metal
Death-Individual-Thought-Patterns,151,110,1.3727272727272728,2715,0.05561694290976059,0.048670696371387094,0.03247907419964189,2014-06-29,62.819313547972264,4,Death Metal
Gorguts-Colored-Sands,162,124,1.3064516129032258,3199,0.05064082525789309,0.0445113321938362,0.03130012188471392,2014-10-07,61.87091009080016,5,Death Metal
Aspid-Extravasation,101,65,1.5538461538461539,1578,0.06400506970849176,0.054359356098688735,0.02905865381040198,2014-06-18,55.14544428718568,6,Thrash Metal
Incantation-Onward-to-Golgotha,85,60,1.4166666666666667,1306,0.06508422664624809,0.05444630111365439,0.03125198812401843,2015-06-02,44.18490351003194,7,Death Metal
Immolation-Close-to-a-World-Below,143,118,1.2118644067796611,3144,0.045483460559796435,0.03962540613424049,0.031497007794719194,2014-04-19,43.973407493402846,8,Death Metal
Pestilence-Consuming-Impulse,82,63,1.3015873015873016,1657,0.049487024743512374,0.04120135920797251,0.024656367790053854,2015-04-29,41.14439857188077,9,Death Metal
Demolition-Hammer-Epidemic-of-Violence,71,55,1.290909090909091,893,0.07950727883538634,0.06545446146843219,0.035860049659699834,2015-02-28,38.976975653888054,10,Thrash Metal
Autopsy-Mental-Funeral,66,49,1.346938775510204,1052,0.06273764258555133,0.051173317070307034,0.026638201885943215,2013-07-18,37.976611615987736,11,Death Metal
Darkthrone-A-Blaze-in-the-Northern-Sky,77,64,1.203125,1426,0.05399719495091164,0.044703170364528436,0.027895090785336203,2015-06-10,37.22160054011057,12,Black Metal
Adramelech-Psychostasia,59,42,1.4047619047619047,520,0.11346153846153846,0.0919302720438458,0.042179051790855855,2014-07-20,37.06689306875495,13,Death Metal
Meshuggah-Destroy-Erase-Improve,49,30,1.6333333333333333,559,0.08765652951699464,0.06929538789157731,0.030114095503002456,2016-09-28,32.16622061382163,14,Progressive Metal
Carcass-Heartwork,65,57,1.1403508771929824,1500,0.043333333333333335,0.03521805318990549,0.022253120130258805,2012-09-08,31.620319804611796,15,Melodic Death Metal
Gorguts-The-Erosion-of-Sanity,67,43,1.558139534883721,1083,0.061865189289012,0.05053740741752771,0.03341826399612134,2014-10-22,30.808020092200586,16,Death Metal
Bathory-Under-the-Sign-of-the-Black-Mark,54,38,1.4210526315789473,699,0.07725321888412018,0.06171396508355989,0.03364645516329736,2014-08-07,30.481127840855148,17,Black Metal
Coroner-Mental-Vortex,72,64,1.125,1305,0.05517241379310345,0.045376423149188994,0.03225128833410235,2014-11-20,29.912068723996427,18,Thrash Metal
Gorguts-Obscura,125,103,1.2135922330097086,3321,0.037639265281541705,0.03245141778782445,0.028970271283577383,2015-05-03,28.789729067239513,19,Death Metal
Slayer-Reign-in-Blood,86,62,1.3870967741935485,1680,0.05119047619047619,0.04281663723887503,0.0349210659516999,2015-04-23,27.332609201144166,20,Thrash Metal
Obliteration-Black-Death-Horizon,75,59,1.271186440677966,1776,0.04222972972972973,0.034831481602869335,0.02695617522532918,2014-11-17,27.12583279981537,21,Death Metal
Gorguts-From-Wisdom-to-Hate,56,48,1.1666666666666667,655,0.08549618320610687,0.06865215075698644,0.04415120758529043,2016-11-05,27.080959031634766,22,Death Metal
Diamond-Head-Lightning-to-the-Nations,48,45,1.0666666666666667,755,0.06357615894039735,0.04998340126463854,0.0282638799279953,2013-05-31,26.66077065436355,23,Heavy Metal
Megadeth-Rust-in-Peace,204,171,1.1929824561403508,7117,0.028663762821413516,0.025526037531809116,0.024940580544633426,2013-08-26,26.497888263843905,24,Thrash Metal
Metallica-Ride-the-Lightning,129,103,1.2524271844660195,3768,0.034235668789808917,0.029580043081077735,0.02727012316527283,2014-11-08,26.24617591325197,25,Thrash Metal
Down-NOLA,79,69,1.144927536231884,1763,0.04480998298355077,0.037158284907768166,0.03055473068564485,2015-06-14,25.132009801208135,26,Sludge Metal
Entombed-Left-Hand-Path,49,41,1.1951219512195121,799,0.06132665832290363,0.04832683835037764,0.03152788476698626,2014-04-07,23.80922007117798,27,Death Metal
Sodom-Agent-Orange,44,35,1.2571428571428571,564,0.07801418439716312,0.06075962453890782,0.038270075406733314,2015-07-27,22.41567747060241,28,Thrash Metal
Exodus-Fabulous-Disaster,36,36,1,389,0.09254498714652956,0.07023607565933099,0.03585447101489254,2013-07-22,22.0526107752068,29,Thrash Metal
Sepultura-Beneath-the-Remains,43,34,1.2647058823529411,520,0.08269230769230769,0.06424633438634485,0.04070303860833039,2014-12-09,21.834419923668197,30,Thrash Metal
Ulcerate-Everything-Is-Fire,98,78,1.2564102564102564,2706,0.03621581670362158,0.03060877783544986,0.028213375809017123,2016-03-08,21.654605060799668,31,Death Metal
Immortal-At-the-Heart-of-Winter,35,31,1.1290322580645162,321,0.10903426791277258,0.0826080777388434,0.04246098699204027,2015-08-14,21.370023175555072,32,Black Metal
Morbid-Angel-Covenant,42,34,1.2352941176470589,830,0.05060240963855422,0.039026273232315306,0.02512622415519235,2013-12-05,21.14523395119035,33,Death Metal
Meshuggah-Nothing-Re-release,33,33,1,353,0.09348441926345609,0.07003974303557914,0.03777671416341682,2016-07-14,19.664819900313862,34,Progressive Metal
Neurosis-Souls-at-Zero,35,27,1.2962962962962963,837,0.04181600955794504,0.03137126470069769,0.018415474180987684,2013-12-25,19.586248110513306,35,Post Metal
Bathory-Blood-Fire-Death,43,40,1.075,606,0.07095709570957096,0.05504484253298732,0.040910282542047496,2013-07-12,18.208368779519216,36,Black Metal
Possessed-Seven-Churches,34,34,1,632,0.05379746835443038,0.04025112029042835,0.025757278481297274,2014-05-24,17.721399999820125,37,Death Metal
Immolation-Dawn-of-Possession,33,29,1.1379310344827587,533,0.06191369606003752,0.04616514511678091,0.029938290056084442,2014-04-10,17.042891400106992,38,Death Metal
Mercyful-Fate-Dont-Break-the-Oath,33,27,1.2222222222222223,486,0.06790123456790123,0.05067547868175119,0.032846037679483596,2016-01-21,17.03682568777097,39,Heavy Metal
Suffocation-Pierced-from-Within,49,45,1.0888888888888888,1080,0.04537037037037037,0.03568462538661514,0.02973915637347086,2014-10-11,16.881711116651474,40,Death Metal
Atheist-Piece-of-Time,28,21,1.3333333333333333,412,0.06796116504854369,0.04937600348947189,0.029213888232570234,2013-10-18,15.963878048181062,41,Death Metal
Immolation-Here-in-After,44,37,1.1891891891891893,776,0.05670103092783505,0.044040147435036106,0.03649708436457539,2015-04-30,15.678262533089498,42,Death Metal
Edge-of-Sanity-Crimson,36,29,1.2413793103448276,655,0.0549618320610687,0.04148791598057511,0.031250774742765206,2015-10-26,15.53074254348879,43,Melodic Death Metal
Heathen-Victims-of-Deception,50,46,1.0869565217391304,1086,0.04604051565377532,0.036306445891821346,0.03197093174596102,2013-12-11,15.27956812388633,44,Thrash Metal
Metallica-...And-Justice-for-All,95,89,1.0674157303370786,3085,0.03079416531604538,0.025944057683702983,0.026085242837922674,2016-05-01,14.527025845008547,45,Thrash Metal
Celtic-Frost-To-Mega-Therion,30,24,1.25,365,0.0821917808219178,0.06054958568310717,0.04292057342604156,2015-12-11,14.333990699494828,46,Thrash Metal
Annihilator-Alice-in-Hell,32,28,1.1428571428571428,248,0.12903225806451613,0.09674717609005631,0.07127257891860377,2013-10-14,14.324400428186266,47,Thrash Metal
Morbid-Angel-Blessed-Are-the-Sick,38,35,1.0857142857142856,799,0.04755944931163955,0.03614981720319715,0.029712241101384144,2014-11-25,14.25991935999407,48,Death Metal
Dark-Angel-Darkness-Descends,26,25,1.04,449,0.05790645879732739,0.04145487628236283,0.026459597718304632,2014-10-16,14.11964062448122,49,Thrash Metal
Iron-Maiden-Iron-Maiden,46,44,1.0454545454545454,1205,0.038174273858921165,0.029755746680231974,0.026480359869672728,2015-03-08,14.091166357044367,50,Heavy Metal
Kreator-Extreme-Aggression,23,22,1.0454545454545454,303,0.07590759075907591,0.05329153900704214,0.03066074850307887,2012-09-22,13.709793203567102,51,Thrash Metal
Celtic-Frost-Morbid-Tales,24,23,1.0434782608695652,360,0.06666666666666667,0.04710205373538033,0.028604068939755235,2013-12-02,13.702535181688114,52,Thrash Metal
Demilich-Nespithe,44,29,1.5172413793103448,1220,0.036065573770491806,0.027939129135427967,0.02597775086033221,2016-07-25,12.307143950394709,53,Death Metal
At-the-Gates-Slaughter-of-the-Soul,39,38,1.0263157894736843,1368,0.02850877192982456,0.021694675966063344,0.019569266254688134,2013-08-10,12.22924376358663,54,Melodic Death Metal
Fear-Factory-Demanufacture,20,13,1.5384615384615385,332,0.060240963855421686,0.040991753870978656,0.024553053862503976,2015-06-26,11.84838611764868,55,Industrial
Death-Human,70,58,1.206896551724138,1898,0.0368809272918862,0.030190886168469284,0.03085189890613373,2016-10-15,11.443095876158182,56,Death Metal
Demolition-Hammer-Tortured-Existence,20,18,1.1111111111111112,231,0.08658008658008658,0.05924019465337925,0.0374285948644902,2014-10-13,11.353994586302763,57,Thrash Metal
Dissection-Storm-of-the-Lights-Bane,37,34,1.088235294117647,701,0.052781740370898715,0.039992124737657155,0.036630927391008504,2017-02-04,11.321719898903037,58,Black Metal
Paysage-dHiver-Winterkaelte,26,24,1.0833333333333333,545,0.047706422018348627,0.034091874099201634,0.026948069448194854,2014-08-13,11.313302150733806,59,Black Metal
Judas-Priest-Stained-Class,50,48,1.0416666666666667,1116,0.044802867383512544,0.03532530107605605,0.03467367909586769,2014-06-29,11.30417412901166,60,Heavy Metal
Metal-Church-Metal-Church,18,18,1,267,0.06741573033707865,0.0449045294956697,0.02666803961968584,2013-04-22,10.87963342154388,61,Thrash Metal
Dismember-Like-an-Ever-Flowing-Stream,28,24,1.1666666666666667,777,0.036036036036036036,0.026042399101767123,0.022243910918188448,2014-01-05,10.716481216567576,62,Death Metal
Insomnium-Above-the-Weeping-World,23,18,1.2777777777777777,395,0.05822784810126582,0.040742251625711705,0.031959764106056665,2015-04-08,10.375893178107617,63,Melodic Death Metal
Candlemass-Epicus-Doomicus-Metallicus,34,31,1.096774193548387,711,0.04781997187060478,0.03574718107844061,0.0332894539177411,2014-05-07,10.331198264486074,64,Doom Metal
Destruction-Infernal-Overkill,15,11,1.3636363636363635,174,0.08620689655172414,0.055255389268476285,0.026993059149393976,2014-07-04,10.303207708005448,65,Thrash Metal
Weakling-Dead-as-Dreams,26,24,1.0833333333333333,819,0.031746031746031744,0.02262318746896185,0.01921389940941682,2014-06-19,10.263816383687624,66,Black Metal
Iron-Maiden-Live-After-Death,24,23,1.0434782608695652,303,0.07920792079207921,0.05609268657779071,0.04538421972901742,2013-12-09,10.248581422107723,67,Heavy Metal
King-Diamond-Abigail,22,21,1.0476190476190477,356,0.06179775280898876,0.042893738568723465,0.03327261955922857,2015-04-11,10.154947436914629,68,Heavy Metal
Judas-Priest-Sad-Wings-of-Destiny,76,69,1.1014492753623188,2296,0.033101045296167246,0.02731464020680588,0.028682418143079185,2014-07-25,10.145167943490188,69,Heavy Metal
Pantera-Cowboys-from-Hell,22,21,1.0476190476190477,386,0.05699481865284974,0.039522862237844666,0.030988417484750366,2014-11-23,10.038470850886359,70,Metal
Morbid-Saint-Spectrum-of-Death,23,23,1,436,0.052752293577981654,0.036872648804393934,0.029825593777503243,2015-04-08,9.996041113008587,71,Thrash Metal
Mercyful-Fate-Melissa,30,30,1,679,0.044182621502209134,0.03235140153109245,0.02958318668917158,2013-02-28,9.9130162380525,72,Heavy Metal
Cryptopsy-Blasphemy-Made-Flesh,24,23,1.0434782608695652,490,0.04897959183673469,0.034492870142044635,0.029478199595703938,2012-07-25,9.55568219810507,73,Death Metal
Carcass-Necroticism-Descanting-the-Insalubrious,24,20,1.2,435,0.05517241379310345,0.03889841842982195,0.03368101062429465,2015-09-04,9.3487603784318285,74,Melodic Death Metal
Exhorder-Slaughter-in-the-Vatican,22,21,1.0476190476190477,392,0.05612244897959184,0.0389112781494283,0.03299471367420815,2014-05-22,9.066072239710405,75,Thrash Metal
Dio-Holy-Diver,26,26,1,556,0.046762589928057555,0.03341188461351879,0.030525689972198886,2014-01-15,9.02771637545742,76,Heavy Metal
Autopsy-Severed-Survival,20,13,1.5384615384615385,423,0.04728132387706856,0.03208607450568254,0.026503442730179107,2013-10-11,8.789043725134237,77,Death Metal
Anthrax-Spreading-the-Disease,16,16,1,245,0.0653061224489796,0.04230126903817122,0.030039119662970546,2014-04-30,8.640415682572218,78,Thrash Metal
Kyuss-Welcome-to-Sky-Valley,37,37,1,1450,0.025517241379310347,0.019260433314598084,0.019812896023780655,2014-06-07,8.271300765518053,79,Stoner Rock
Fates-Warning-Perfect-Symmetry,17,16,1.0625,425,0.04,0.026128310174610876,0.020707132679098756,2013-07-14,8.199468611383029,80,Progressive Metal
Iron-Maiden-Powerslave,59,53,1.1132075471698113,1807,0.0326508024349751,0.026222425974625475,0.028178796917501865,2014-01-22,8.08091397007413,81,Heavy Metal
Dark-Tranquillity-Damage-Done,18,15,1.2,426,0.04225352112676056,0.02798473734501407,0.02335211152585743,2013-11-04,8.052000489984735,82,Melodic Death Metal
Testament-The-Legacy,14,13,1.0769230769230769,221,0.06334841628959276,0.03965038015623105,0.02746588792451551,2013-11-22,7.930038768682071,83,Thrash Metal
Candlemass-Nightfall,18,18,1,257,0.07003891050583658,0.04667943567383817,0.039548282498431085,2012-03-07,7.836091397903211,84,Doom Metal
Black-Sabbath-Master-of-Reality,98,96,1.0208333333333333,3151,0.031101237702316726,0.026274996847060663,0.028673077898349827,2014-12-01,7.6511315422997,85,Doom Metal
Annihilator-Never-Neverland,16,16,1,257,0.0622568093385214,0.040295721316922085,0.03319348836663222,2013-02-07,7.46927348977552,86,Thrash Metal
Iced-Earth-Night-of-the-Stormrider,21,19,1.105263157894737,455,0.046153846153846156,0.03163597691577419,0.03013259542332798,2014-08-30,7.289669082385771,87,Thrash Metal
Kalmah-Swamplord,10,10,1,99,0.10101010101010101,0.05801530945409938,0.0276302933689797,2017-06-16,7.26460095647101,88,Melodic Death Metal
Overkill-Ironbound,13,7,1.8571428571428572,95,0.1368421052631579,0.08575625387696606,0.061650670302468305,2012-10-28,7.143186321265512,89,Thrash Metal
Gris-%C3%80-l%E2%80%99%C3%82me-Enflamm%C3%A9e-l%E2%80%99%C3%84me-Constell%C3%A9e%E2%80%A6,17,15,1.1333333333333333,484,0.03512396694214876,0.022916787445550695,0.020741338396288504,2014-04-30,6.961192216196364,90,Black Metal
Peste-Noire-La-Sanie-des-siecles---Panegyrique-de-la,14,12,1.1666666666666667,247,0.05668016194331984,0.03541145374130758,0.02883722374434549,2012-10-14,6.8772057351466644,91,Black Metal
Deathspell-Omega-Fas---Ite-Maledicti-In-Ignem-Aeternum,14,14,1,248,0.056451612903225805,0.03526643972283683,0.030556025629956345,2014-09-21,6.422105643770826,92,Black Metal
Accept-Restless-and-Wild,10,9,1.1111111111111112,64,0.15625,0.09154239151929561,0.05704224045555723,2012-09-30,6.349296610844338,93,Heavy Metal
Rotting-Christ-Theogonia,12,12,1,114,0.10526315789473684,0.06394922102758,0.04987561841658753,2011-09-23,6.314179500509021,94,Black Metal
Electric-Wizard-Dopethrone,32,31,1.032258064516129,1289,0.02482544608223429,0.018316824630934134,0.01995258768347179,2013-03-17,6.281114476004862,95,Doom Metal
Judas-Priest-Painkiller,48,48,1,1390,0.034532374100719423,0.027054009091198917,0.03001464916869591,2014-04-25,6.279637655512685,96,Heavy Metal
Opeth-Ghost-Reveries,45,35,1.2857142857142858,1119,0.040214477211796246,0.031263204534284654,0.03463551895380061,2017-05-24,6.242854290697114,97,Progressive Metal
Ulcerate-The-Destroyers-of-All,35,28,1.25,987,0.03546099290780142,0.026579132063781034,0.029199635230854646,2014-06-08,6.179960027146467,98,Death Metal
Demigod-Slumber-of-Sullen-Eyes,19,19,1,426,0.04460093896713615,0.029915530798317675,0.030178189685470355,2013-08-06,6.144091193989628,99,Death Metal
Every-Time-I-Die-Low-Teens,16,16,1,445,0.035955056179775284,0.023120686167344175,0.02221276971653377,2016-10-06,6.115317476142474,100,Metalcore
Motorhead-Ace-of-Spades,11,11,1,203,0.054187192118226604,0.031548893028846614,0.025276901233045677,2013-01-28,5.8687890496917285,101,Heavy Metal
Iron-Maiden-The-Number-of-the-Beast,49,42,1.1666666666666667,1448,0.03383977900552486,0.02657904390956651,0.02982053055842502,2014-08-23,5.819871751400568,102,Heavy Metal
Coroner-Punishment-for-Decadence,12,12,1,173,0.06936416184971098,0.04167061198694502,0.03641283777985637,2013-07-13,5.700579064084847,103,Thrash Metal
Moonsorrow-Verisakeet,19,15,1.2666666666666666,450,0.042222222222222223,0.028305403097469678,0.029577589419879913,2014-07-11,5.69008476105404,104,Folk
Riverside-Second-Life-Syndrome,8,6,1.3333333333333333,93,0.08602150537634409,0.04542000647068184,0.026108134862716677,2014-11-29,5.5719434577673495,105,Progressive Rock
Atheist-Unquestionable-Presence,50,45,1.1111111111111112,1860,0.026881720430107527,0.021150513031085335,0.02391897251823351,2013-11-21,5.510711116085675,106,Death Metal
Insect-Warfare-World-Extermination,9,9,1,349,0.025787965616045846,0.013858736227434896,0.010756085209783444,2012-10-11,5.246126261785578,107,Grind
Deicide-Deicide,23,21,1.0952380952380953,652,0.0352760736196319,0.02457560604008318,0.027315488555467733,2013-12-30,5.190301461835037,108,Death Metal
Testament-The-Gathering,7,7,1,91,0.07692307692307693,0.038302484367788076,0.021292397497915706,2013-07-31,5.062391827689671,109,Thrash Metal
Paradise-Lost-Icon,9,9,1,128,0.0703125,0.038508543109056534,0.0316461715505955,2014-09-21,4.949290041523776,110,Doom Metal
Incantation-Mortal-Throne-of-Nazarene,13,8,1.625,245,0.053061224489795916,0.03245296727699094,0.0329171759259569,2014-07-20,4.935291898140559,111,Death Metal
Sodom-Persecution-Mania,11,11,1,183,0.060109289617486336,0.03506807911048848,0.03356526346504037,2014-01-08,4.857556785897612,112,Thrash Metal
Electric-Wizard-Come-My-Fanatics...,13,13,1,248,0.05241935483870968,0.03205432443036832,0.032846057680116066,2013-10-14,4.854177695331217,113,Doom Metal
Summoning-Minas-Morgul,14,14,1,362,0.03867403314917127,0.024041788670990556,0.025572640851165594,2014-04-09,4.742704011878055,114,Black Metal
Darkthrone-Under-a-Funeral-Moon,11,10,1.1,223,0.04932735426008968,0.02867137093411354,0.0280864554898304,2016-09-03,4.736720425767819,115,Black Metal
Pestilence-Malleus-Maleficarum,12,12,1,295,0.04067796610169491,0.0242163864803055,0.024813120279118316,2014-07-20,4.680129517660096,116,Death Metal
Decapitated-Winds-of-Creation,16,16,1,459,0.034858387799564274,0.022409372559684615,0.024671365669154774,2012-05-05,4.67584315785796,117,Death Metal
Orphaned-Land-Mabool-The-Story-of-the-Three-Sons...,7,7,1,90,0.07777777777777778,0.038746283334643146,0.02702081839826691,2012-11-02,4.568126344155979,118,Folk
Overkill-Horrorscope,9,8,1.125,115,0.0782608695652174,0.043003341126630935,0.040845156649130104,2014-05-10,4.302806985350038,119,Thrash Metal
Terrorizer-World-Downfall,7,7,1,73,0.0958904109589041,0.048241726065836564,0.038660070444416036,2016-04-01,4.177814857557629,120,Grind
Nile-Annihilation-of-the-Wicked,15,15,1,410,0.036585365853658534,0.02314869588189748,0.026421878517781775,2011-04-03,4.167029807709471,121,Death Metal
Summoning-Stronghold,15,15,1,294,0.05102040816326531,0.032404297584328084,0.037280897982976686,2014-07-08,4.039415993004854,122,Black Metal
Skid-Row-Slave-to-the-Grind,9,9,1,121,0.0743801652892562,0.040805271389069225,0.04161167001221743,2015-03-15,3.964987928521691,123,Heavy Metal
Kamelot-Karma,9,8,1.125,172,0.05232558139534884,0.028441895383428385,0.029543368960983196,2016-05-31,3.9185405387108907,124,Power Metal
Vektor-Black-Future,14,14,1,408,0.03431372549019608,0.02130536586570763,0.025622141601685154,2014-12-27,3.5461662265124585,125,Thrash Metal
Toxik-Think-This,27,26,1.0384615384615385,828,0.03260869565217391,0.023400866409778655,0.028388974813801912,2014-07-07,3.493928854172016,126,Thrash Metal
Neurosis-Times-of-Grace,34,27,1.2592592592592593,1332,0.025525525525525526,0.0190187286236174,0.022979540071647014,2014-01-07,3.3912526245661776,127,Post Metal
Judas-Priest-Defenders-of-the-Faith,20,20,1,451,0.04434589800443459,0.030075556428437903,0.03689619606555794,2014-11-21,3.3598155744333704,128,Heavy Metal
Children-of-Bodom-Hatebreeder,15,15,1,409,0.03667481662591687,0.023205837985506777,0.028499421106615064,2013-03-02,3.34373676739444,129,Melodic Death Metal
Kreator-Terrible-Certainty,6,6,1,86,0.06976744186046512,0.03221967262025588,0.031655921863062764,2013-12-04,3.2775907197766023,130,Thrash Metal
Slayer-Seasons-in-the-Abyss,29,25,1.16,864,0.03356481481481482,0.024394477058229558,0.029846786334444254,2014-05-10,3.212376607040168,131,Thrash Metal
Emperor-Anthems-to-the-Welkin-at-Dusk,9,9,1,186,0.04838709677419355,0.026257220312590326,0.03129476713257711,2014-09-29,3.1791733133406574,132,Black Metal
Between-the-Buried-and-Me-Alaska,24,19,1.263157894736842,2120,0.011320754716981131,0.007917376890093086,0.00982136231877152,2011-08-21,3.1787118842043767,133,Progressive Metal
Summoning-Oath-Bound,11,11,1,269,0.040892193308550186,0.023699242169152306,0.02912681552877765,2012-08-01,3.164886622758812,134,Black Metal
Paysage-dHiver-Paysage-dHiver,16,14,1.1428571428571428,584,0.0273972602739726,0.017580195717363023,0.022150194465244404,2014-03-28,3.0642864322972674,135,Black Metal
Suffocation-Effigy-of-the-Forgotten,40,35,1.1428571428571428,872,0.045871559633027525,0.0351161633709178,0.0424624077035621,2016-04-05,2.9727804824938526,136,Death Metal
Gamma-Ray-Land-of-the-Free,5,5,1,94,0.05319148936170213,0.02194693124670738,0.022495639455469313,2014-01-21,2.8854098911858848,137,Power Metal
Sodom-M-16,13,13,1,423,0.030732860520094562,0.018672780822100197,0.023948420599488925,2012-03-01,2.8698180864161844,138,Thrash Metal
Slayer-South-of-Heaven,14,14,1,420,0.03333333333333333,0.02069099892968489,0.026501730407789355,2013-01-12,2.8692732287284706,139,Thrash Metal
Edge-of-Sanity-Purgatory-Afterglow,9,9,1,378,0.023809523809523808,0.012784514431048676,0.016225894517351264,2012-06-13,2.8666118724412217,140,Melodic Death Metal
Sepultura-Chaos-A.D.,6,5,1.2,75,0.08,0.03720047535613345,0.042886893761644826,2017-04-21,2.783482967876638,141,Thrash Metal
Dissection-The-Somberlain,8,8,1,151,0.052980132450331126,0.027538637867249943,0.03458333076723921,2014-08-11,2.777917054146879,142,Black Metal
Eyehategod-Dopesick,6,5,1.2,192,0.03125,0.014046374361763748,0.016810818610620518,2013-11-08,2.7723228267608606,143,Sludge Metal
Watchtower-Control-and-Resistance,7,7,1,299,0.023411371237458192,0.011306183316745133,0.014215030873777129,2012-08-17,2.749705768740638,144,Progressive Metal
Windir-1184,6,6,1,152,0.039473684210526314,0.017848445146940464,0.021420409798337998,2011-10-10,2.744097710652624,145,Black Metal
Symphony-X-The-Odyssey,5,5,1,151,0.033112582781456956,0.013406967488062388,0.015042328643245294,2014-08-27,2.7286083748699608,146,Progressive Metal
Triptykon-Eparistera-Daimones,10,10,1,106,0.09433962264150944,0.05405171395776836,0.06870914265185481,2014-03-25,2.7168308789033913,147,Doom Metal
Godflesh-Pure,4,4,1,96,0.041666666666666664,0.014531006028696482,0.014481730539955766,2016-03-27,2.6097538681642463,148,Industrial
Slayer-Hell-Awaits,15,15,1,380,0.039473684210526314,0.02499512481291807,0.03260978484428063,2014-07-15,2.608281759173361,149,Thrash Metal
Deathspell-Omega-Si-Monvmentvm-Reqvires-Circvmspice,6,6,1,107,0.056074766355140186,0.02565368506985386,0.03204275310997389,2013-11-13,2.5714254172327937,150,Black Metal
Mastodon-Leviathan,55,54,1.0185185185185186,2285,0.024070021881838075,0.019154921015264934,0.022952995443789585,2014-09-26,2.5524054109407994,151,Sludge Metal
Akercocke-Words-That-Go-Unspoken...,8,8,1,145,0.05517241379310345,0.028708532112336184,0.03777181712562978,2015-05-24,2.5230865167836822,152,Death Metal
Anthrax-Among-the-Living,20,20,1,441,0.045351473922902494,0.030764014015507553,0.039690876192959426,2015-01-14,2.4963235989048926,153,Thrash Metal
Cult-of-Luna-Salvation,18,18,1,831,0.021660649819494584,0.014279204388689633,0.018686885312637683,2013-02-15,2.4711983051980844,154,Post Metal
Dio-The-Last-in-Line,5,5,1,114,0.043859649122807015,0.017940610624402248,0.02222418044741041,2012-06-13,2.466443428995213,155,Heavy Metal
Meshuggah-I,9,9,1,372,0.024193548387096774,0.01299288386085271,0.017612691545067092,2012-12-22,2.4480787452350414,156,Progressive Metal
Norther-Mirror-of-Madness,3,3,1,45,0.06666666666666667,0.018651072549145734,0.013584549161168488,2010-11-12,2.388695287747418,157,Melodic Death Metal
Dark-Tranquillity-The-Gallery,30,23,1.3043478260869565,1024,0.029296875,0.02140101951834882,0.026979322714118015,2013-10-16,2.373173540743153,158,Melodic Death Metal
Amorphis-Tales-From-the-Thousand-Lakes,5,5,1,106,0.04716981132075472,0.019354381893424095,0.025092296633071165,2014-01-19,2.340216556894457,159,Melodic Death Metal
Vio-Lence-Eternal-Nightmare,4,4,1,91,0.04395604395604396,0.015378276273324797,0.018551446035888274,2012-05-30,2.3118184107341673,160,Thrash Metal
Accept-Balls-to-the-Wall,4,4,1,95,0.042105263157894736,0.014692947031855502,0.0179340996816673,2012-10-03,2.2962605302416064,161,Heavy Metal
Melvins-Bullhead,6,5,1.2,177,0.03389830508474576,0.015266054507935303,0.021049259195331297,2015-01-02,2.2742811224263604,162,Sludge Metal
Melvins-Houdini,6,6,1,240,0.025,0.011185833178464805,0.01639939654044543,2013-06-27,2.0641448302930967,163,Sludge Metal
Saint-Vitus-Born-Too-Late,8,8,1,209,0.03827751196172249,0.019754291260305184,0.028479002622794288,2014-09-22,2.0478884518359934,164,Doom Metal
Incantation-Diabolical-Conquest,8,8,1,209,0.03827751196172249,0.019754291260305184,0.028705504546146555,2014-12-02,2.0005495498553696,165,Death Metal
Machine-Head-Burn-My-Eyes,5,5,1,101,0.04950495049504951,0.02035658682714722,0.029719574361386204,2015-10-07,1.9983229894999937,166,Thrash Metal
Bolt-Thrower-The-IVth-Crusade,4,4,1,49,0.08163265306122448,0.029997381179751675,0.0428925147326997,2015-07-19,1.8982667780977145,167,Death Metal
Judas-Priest-Screaming-for-Vengeance,3,3,1,71,0.04225352112676056,0.011142960917930773,0.015785020517324198,2016-06-27,1.879263543269982,168,Heavy Metal
Corrosion-of-Conformity-Deliverance,4,4,1,70,0.05714285714285714,0.02035225276525724,0.03154107395790291,2013-04-01,1.792124822946796,169,Stoner Rock
Kreator-Pleasure-to-Kill,13,13,1,310,0.041935483870967745,0.025564148705471045,0.03623114450151273,2014-06-16,1.7683452045310555,170,Thrash Metal
Voivod-Killing-Technology,10,10,1,331,0.030211480362537766,0.016897223615086002,0.025277100131238718,2015-12-28,1.6332798565599849,171,Thrash Metal
Iron-Maiden-Brave-New-World,17,16,1.0625,661,0.025718608169440244,0.01674287404443629,0.023326604426189865,2014-05-21,1.5811144742885,172,Heavy Metal
Iron-Maiden-Killers,13,13,1,622,0.02090032154340836,0.012661538545618425,0.018370940367172503,2014-11-15,1.5732750916187026,173,Heavy Metal
Obituary-Cause-of-Death,12,12,1,470,0.02553191489361702,0.01512615302453856,0.022187827438569074,2013-02-21,1.5717211038725347,174,Death Metal
Pestilence-Testimony-of-the-Ancients,5,5,1,160,0.03125,0.01263011286711778,0.02158977634934559,2014-01-27,1.545635784104706,175,Death Metal
Type-O-Negative-October-Rust,7,7,1,180,0.03888888888888889,0.018952208687485792,0.03043695193104115,2013-04-05,1.521348652412593,176,Gothic
Artillery-By-Inheritance,12,12,1,373,0.032171581769437,0.01910039106297094,0.028252638189115244,2015-07-19,1.461765955460014,177,Thrash Metal
Destruction-Release-from-Agony,3,3,1,56,0.05357142857142857,0.014533200336047603,0.028520497369829048,2013-03-05,1.4028521472895732,178,Thrash Metal
Ensiferum-Ensiferum,7,7,1,305,0.022950819672131147,0.011080736355134742,0.018412136914743995,2012-10-07,1.3842982410030813,179,Folk
Danzig-Danzig-II-Lucifuge,5,5,1,96,0.052083333333333336,0.021467837267799682,0.03771159775504383,2013-06-29,1.3796866155157923,180,Doom Metal
Sacramentum-Far-Away-from-the-Sun,9,9,1,232,0.03879310344827586,0.020965055978972077,0.032923148782149046,2014-04-22,1.3618294825414217,181,Black Metal
Fall-of-Efrafa-Inle,3,3,1,110,0.02727272727272727,0.006909239707448247,0.015189409135543896,2016-08-19,1.3291649950901712,182,Post Metal
Repulsion-Horrified,6,6,1,219,0.0273972602739726,0.012280042973211554,0.02134350645506978,2013-02-05,1.3257720863397182,183,Grind
Arcturus-The-Sham-Mirrors,5,5,1,257,0.019455252918287938,0.0077726643812256625,0.014318011871913738,2010-02-10,1.3202709489181694,184,Progressive Metal
Anacrusis-Screams-and-Whispers,7,7,1,301,0.023255813953488372,0.011230022206889281,0.019097905199433766,2013-03-17,1.2515305349704362,185,Thrash Metal
Dead-Congregation-Graves-of-the-Archangels,13,13,1,444,0.02927927927927928,0.017781917868958927,0.026606395665061604,2012-12-16,1.1867603247126473,186,Death Metal
Zao-Where-Blood-and-Fire-Bring-Rest,4,4,1,273,0.014652014652014652,0.004912042127877438,0.010461093822700874,2014-03-26,1.1441213864026614,187,Metalcore
Windir-Arntor,4,4,1,101,0.039603960396039604,0.013771815910064135,0.02890691840621944,2014-03-04,1.0804012409718367,188,Black Metal
Nevermore-Dead-Heart-In-A-Dead-World,5,5,1,124,0.04032258064516129,0.016438927292411917,0.03177390131848927,2014-04-29,1.0600362365073304,189,Thrash Metal
Overkill-Feel-the-Fire,4,4,1,75,0.05333333333333334,0.018899108746815677,0.040364565019661736,2013-02-18,0.9726576235253701,190,Thrash Metal
Suffocation-Human-Waste,5,5,1,88,0.056818181818181816,0.023521116936266184,0.04592302640697946,2016-03-02,0.9587736761858071,191,Death Metal
Paradise-Lost-Draconian-Times,6,6,1,171,0.03508771929824561,0.015815301989762214,0.02948246793183142,2015-07-23,0.9584979836568269,192,Doom Metal
Hypocrisy-Hypocrisy,3,3,1,97,0.030927835051546393,0.007914725921343867,0.02213813578985102,2009-04-07,0.8526008283844511,193,Melodic Death Metal
X-Japan-Blue-Blood,1,1,1,39,0.02564102564102564,0,0.003821258709003866,2010-10-27,0.8509709103488492,194,Progressive Metal
Wolves-in-the-Throne-Room-Two-Hunters,2,2,1,32,0.0625,0.009128737774005871,0.03663200747947731,2015-12-20,0.827775760656726,195,Black Metal
Iced-Earth-Burnt-Offerings,6,6,1,161,0.037267080745341616,0.01682402972011675,0.03224610342674683,2015-12-04,0.8083773482937604,196,Thrash Metal
Immortal-Pure-Holocaust,8,8,1,160,0.05,0.025952121185254858,0.04534372055679937,2012-05-07,0.7450047109121016,197,Black Metal
Mr.-Bungle-Mr.-Bungle,2,2,1,88,0.022727272727272728,0.002284806975211457,0.014885564212087934,2016-08-26,0.6900703493362619,198,Experimental
In-Flames-The-Jester-Race,36,35,1.0285714285714285,1631,0.022072348252605765,0.016583485920806145,0.02165114210417958,2014-11-30,0.6869872280831075,199,Melodic Death Metal
Pig-Destroyer-Phantom-Limb,2,2,1,224,0.008928571428571428,7.407419126684005e-4,0.005962342517758732,2010-05-31,0.6644352760220438,200,Grind
Rainbow-Rising,1,1,1,31,0.03225806451612903,0,0.01310219609496856,2017-11-26,0.5938319210559746,201,Hard Rock
Brutal-Truth-Extreme-Conditions-Demand-Extreme-Responses,2,2,1,84,0.023809523809523808,0.0024254381012677947,0.01690419833453143,2013-03-11,0.5800473398993599,202,Grind
Testament-The-New-Order,3,3,1,70,0.04285714285714286,0.011319696082520418,0.034573429184881564,2015-06-07,0.5798599570582905,203,Thrash Metal
Opeth-In-Live-Concert-at-the-Royal-Albert-Hall,4,4,1,117,0.03418803418803419,0.011797549340999539,0.029325593562873595,2013-01-16,0.5689055531437898,204,Progressive Metal
Strapping-Young-Lad-City,3,3,1,84,0.03571428571428571,0.00925849614249151,0.02904519824125892,2017-11-09,0.5602033477342505,205,Industrial
Rainbow-Long-Live-Rock-n-Roll,3,3,1,120,0.025,0.00629318873277793,0.020635278120754007,2014-07-13,0.5237666255095192,206,Hard Rock
HORSE-the-band-Desperate-Living,5,4,1.25,387,0.012919896640826873,0.005127962590855829,0.01161708848185023,2016-09-14,0.504186757523961,207,Metalcore
Danzig-Danzig-III-How-The-Gods-Kill,5,5,1,216,0.023148148148148147,0.009281922948316576,0.02100683654343656,2014-05-11,0.46252330661770263,208,Doom Metal
Kreator-Coma-of-Souls,6,6,1,149,0.040268456375838924,0.018218174684564152,0.03782581770745557,2014-01-26,0.36395316158911956,209,Thrash Metal
Burst-Lazarus-Bird,4,4,1,388,0.010309278350515464,0.0034330911678014508,0.00942386687490913,2011-02-08,0.3435396525352572,210,Progressive Metal
Vital-Remains-Dechristianize,4,4,1,201,0.01990049751243781,0.006724878317431411,0.018316418697271714,2012-09-02,0.3183998418483855,211,Death Metal
My-Dying-Bride-Turn-Loose-the-Swans,5,3,1.6666666666666667,201,0.024875621890547265,0.009991573272525815,0.02346782801543519,2012-01-04,0.28296656889752686,212,Doom Metal
Gamma-Ray-Somewhere-Out-in-Space,1,1,1,54,0.018518518518518517,0,0.013657785933199341,2014-07-09,0.2624795596072355,213,Power Metal
Diablo-Swing-Orchestra-Pandoras-Pinata,2,2,1,142,0.014084507042253521,0.0012625758770212978,0.01232660148018698,2014-07-01,0.2496225898134489,214,Metal
Moonsorrow-Jumalten-Aika,13,13,1,738,0.017615176151761516,0.010660908077772271,0.017351768691691728,2016-07-20,0.19439470553150356,215,Folk
Kyuss-Blues-for-the-Red-Sun,2,2,1,84,0.023809523809523808,0.0024254381012677947,0.02167588357003888,2015-03-16,0.1792257801167339,216,Stoner Rock
Helmet-Betty,2,2,1,134,0.014925373134328358,0.0013540158843471893,0.013608731387632744,2012-10-31,0.17642999405721224,217,Post Hardcore
Motorhead-Iron-Fist,1,1,1,31,0.03225806451612903,0,0.02743536282893803,2013-02-14,0.149503752302921,218,Heavy Metal
Darkthrone-Transilvanian-Hunger,12,12,1,411,0.029197080291970802,0.01731790589883016,0.028931224690104593,2015-06-12,0.1092666523670117,219,Black Metal
Earth-Earth-2,2,2,1,183,0.01092896174863388,9.352060358725888e-4,0.010346257344976593,2012-09-27,0.10663490586928338,220,Drone
Symphony-X-The-Divine-Wings-of-Tragedy,2,2,1,106,0.018867924528301886,0.0018059678032357508,0.018001634490571034,2014-02-24,0.0918267439994703,221,Progressive Metal
Giant-Squid-The-Ichthyologist,1,1,1,73,0.0136986301369863,0,0.012559048856961791,2013-07-28,0.08318943344178918,222,Progressive Rock
Type-O-Negative-Bloody-Kisses,9,7,1.2857142857142858,363,0.024793388429752067,0.013318490289645652,0.024582796917207352,2016-02-06,0.07644471905373139,223,Gothic
Edge-of-Sanity-Crimson-II,5,5,1,207,0.024154589371980676,0.009695089899514557,0.02396554541343712,2012-01-17,0.039132099418516274,224,Melodic Death Metal
Windir-Likferd,4,4,1,97,0.041237113402061855,0.014372578190585836,0.04113695764661881,2015-04-28,0.009715108277975462,225,Black Metal
Black-Flag-The-First-Four-Years,0,0,NaN,21,0,0,0,2008-09-02,0,226,Hardcore
Pantera-Reinventing-Hell-The-Best-of-Pantera,0,0,NaN,12,0,0,1.3333333333333334e-4,2006-12-19,-0.0016,227,Metal
Plini-Sweet-Nothings,0,0,NaN,1,0,0,0.0019230769230769232,2017-05-05,-0.0019230769230769232,228,Progressive Metal
Iron-Maiden-Best-of-the-Beast,0,0,NaN,19,0,0,1.7750954113783616e-4,2007-04-15,-0.003372681281618887,229,Heavy Metal
Incubus-Alive-at-Red-Rocks,0,0,NaN,19,0,0,3.7909900802426234e-4,2006-02-21,-0.007202881152460984,230,Alternative Rock
Black-Sabbath-We-Sold-Our-Soul-For-Rock-N-Roll,0,0,NaN,23,0,0,4.53949359427015e-4,2007-01-06,-0.010440835266821345,231,Doom Metal
Lamb-of-God-Killadelphia,0,0,NaN,53,0,0,2.997982674735968e-4,2006-12-01,-0.015889308176100632,232,Thrash Metal
Vinterland-Welcome-My-Last-Chapter,8,8,1,290,0.027586206896551724,0.014161658562127213,0.0276565411241542,2012-12-27,-0.020396926004718277,233,Black Metal
Sleep-Sleeps-Holy-Mountain,3,3,1,94,0.031914893617021274,0.00818934128913703,0.032180626301759406,2015-10-02,-0.024978872365384402,234,Stoner Rock
Gamma-Ray-No-World-Order,0,0,NaN,19,0,0,0.0016859093598725916,2008-10-31,-0.03203227783757924,235,Power Metal
Propagandhi-Potemkin-City-Limits,0,0,NaN,53,0,0,6.161944330113431e-4,2008-08-17,-0.03265830494960118,236,Punk
Rage-Against-the-Machine-Live-at-the-Grand-Olympic-Auditorium-DVD,0,0,NaN,40,0,0,0.0010753009622841158,2005-03-14,-0.04301203849136463,237,Metal
Enslaved-Below-the-Lights,6,6,1,173,0.03468208092485549,0.015627884786092117,0.034992816886703484,2012-07-13,-0.053757321399703406,238,Black Metal
Dream-Theater-Score,0,0,NaN,32,0,0,0.001688892365697392,2008-05-07,-0.054044555702316546,239,Progressive Metal
Napalm-Death-From-Enslavement-to-Obliteration,0,0,NaN,6,0,0,0.010851517100450965,2017-07-30,-0.06510910260270579,240,Grind
Shai-Hulud-That-Within-Blood-Ill-Tempered,0,0,NaN,23,0,0,0.0028640902532153134,2010-04-26,-0.0658740758239522,241,Hardcore
7-Angels-7-Plagues-Jhazmynes-Lullaby,3,3,1,341,0.008797653958944282,0.002110992254237505,0.008996161340693148,2012-03-22,-0.06769101717636321,242,Metalcore
Nevermore-Dreaming-Neon-Black,0,0,NaN,6,0,0,0.017542189366786143,2018-01-24,-0.10525313620071686,243,Thrash Metal
Moonspell-Wolfheart,0,0,NaN,40,0,0,0.0027326628397740015,2011-07-08,-0.10930651359096005,244,Gothic
Children-of-Bodom-Tokyo-Warhearts,0,0,NaN,26,0,0,0.004345378682984986,2007-06-08,-0.11297984575760964,245,Melodic Death Metal
Dragged-Into-Sunlight-Hatred-For-Mankind,6,6,1,183,0.03278688524590164,0.014753641212458882,0.03347456454620617,2015-06-25,-0.1258453119557286,246,Death Metal
John-Petrucci-Suspended-Animation,0,0,NaN,25,0,0,0.00522802834621503,2009-07-11,-0.13070070865537575,247,Progressive Metal
Megadeth-Greatest-Hits-Back-to-the-Start,0,0,NaN,50,0,0,0.0026407588311880598,2008-02-05,-0.132037941559403,248,Thrash Metal
Cradle-of-Filth-Vempire-or-Dark-Fairytales-in-Phallustei,8,8,1,169,0.047337278106508875,0.024538303823314726,0.04812385362795228,2010-08-22,-0.13293126312393577,249,Black Metal
Cypress-Hill-Cypress-Hill,0,0,NaN,19,0,0,0.007562358248503143,2010-11-20,-0.14368480672155973,250,Hip-Hop
Dream-Theater-Live-at-Budokan,0,0,NaN,41,0,0,0.003825321574118782,2006-07-29,-0.15683818453887005,251,Progressive Metal
Rhapsody-of-Fire-Power-of-the-Dragonflame,0,0,NaN,23,0,0,0.007170216192801325,2010-10-17,-0.16491497243443048,252,Power Metal
Porcupine-Tree-Arriving-Somewhere...,0,0,NaN,28,0,0,0.00592754388800911,2010-04-11,-0.16597122886425508,253,Progressive Rock
Bruce-Dickinson-Accident-of-Birth,0,0,NaN,16,0,0,0.011162006329457496,2010-05-28,-0.17859210127131994,254,Heavy Metal
Judas-Priest-Unleashed-in-the-East,2,2,1,98,0.02040816326530612,0.001992796188363708,0.02227363430416921,2013-09-22,-0.18281616180858284,255,Heavy Metal
Propagandhi-Todays-Empires-Tomorrows-Ashes,0,0,NaN,63,0,0,0.002988388437648527,2009-03-27,-0.1882684715718572,256,Punk
Kamelot-Epica,5,5,1,233,0.02145922746781116,0.00859035299757772,0.022297658169864634,2013-09-22,-0.1953543535784598,257,Power Metal
King-Diamond-Conspiracy,1,1,1,60,0.016666666666666666,0,0.01996170894775546,2014-06-06,-0.19770253686532757,258,Heavy Metal
Deathspell-Omega-Kenose,0,0,NaN,18,0,0,0.01149093085035712,2017-11-11,-0.20683675530642814,259,Black Metal
Porcupine-Tree-Stupid-Dream,0,0,NaN,36,0,0,0.005895092927792971,2015-11-05,-0.21222334540054696,260,Progressive Rock
Iron-Maiden-Rock-in-Rio-DVD,0,0,NaN,30,0,0,0.007145932852586535,2008-11-24,-0.21437798557759605,261,Heavy Metal
Ayreon-Into-the-Electric-Castle,0,0,NaN,14,0,0,0.015650395565025416,2011-11-24,-0.21910553791035584,262,Progressive Metal
Stratovarius-Visions,0,0,NaN,33,0,0,0.006833694752747744,2010-03-01,-0.22551192684067556,263,Power Metal
Buckethead-Population-Override,0,0,NaN,30,0,0,0.007648071948573733,2011-05-27,-0.229442158457212,264,Experimental
Cypress-Hill-Black-Sunday,0,0,NaN,39,0,0,0.005982735300752419,2011-07-17,-0.23332667672934435,265,Hip-Hop
Suicidal-Tendencies-Lights...Camera...Revolution,0,0,NaN,48,0,0,0.005224793624554723,2010-05-05,-0.2507900939786267,266,Hardcore
Motorhead-Inferno,0,0,NaN,28,0,0,0.009452168343961165,2009-07-06,-0.26466071363091265,267,Heavy Metal
Dream-Theater-Live-Scenes-From-New-York,0,0,NaN,20,0,0,0.013801553290689971,2009-04-23,-0.27603106581379944,268,Progressive Metal
Burzum-Det-som-engang-var,0,0,NaN,17,0,0,0.016438924786789794,2018-02-07,-0.27946172137542646,269,Black Metal
Buckethead-Colma,0,0,NaN,24,0,0,0.012040282948152396,2012-06-24,-0.2889667907556575,270,Experimental
Ministry-The-Mind-Is-a-Terrible-Thing-to-Taste,0,0,NaN,21,0,0,0.014060066637246129,2013-04-28,-0.2952613993821687,271,Industrial
Nasum-Shift,0,0,NaN,38,0,0,0.007791341066890842,2011-10-31,-0.296070960541852,272,Grind
Ozzy-Osbourne-Tribute,0,0,NaN,29,0,0,0.01025981858292808,2008-07-20,-0.29753473890491433,273,Heavy Metal
Slayer-Decade-of-Aggression,0,0,NaN,23,0,0,0.013416017067346289,2009-05-09,-0.3085683925489646,274,Thrash Metal
Epica-Design-Your-Universe,0,0,NaN,50,0,0,0.006505755133959444,2011-02-18,-0.32528775669797216,275,Power Metal
Incubus-S.C.I.E.N.C.E.,0,0,NaN,25,0,0,0.01317628393363611,2015-09-17,-0.32940709834090276,276,Alternative Rock
Nightwish-Oceanborn,2,2,1,235,0.00851063829787234,7.014082778792428e-4,0.009944028854076874,2010-12-16,-0.3368467807080654,277,Power Metal
Pantera-Vulgar-Display-of-Power,18,17,1.0588235294117647,909,0.019801980198019802,0.013048425426994886,0.020173291250174887,2012-08-30,-0.33752174640897226,278,Metal
Bruce-Dickinson-The-Chemical-Wedding,0,0,NaN,45,0,0,0.007854611902473642,2013-02-11,-0.3534575356113139,279,Heavy Metal
Bathory-Hammerheart,8,7,1.1428571428571428,284,0.028169014084507043,0.014465040229779017,0.029416153023976356,2014-08-10,-0.3541874588092849,280,Black Metal
Blue-Oyster-Cult-Fire-of-Unknown-Origin,0,0,NaN,37,0,0,0.009691073330074998,2014-09-09,-0.3585697132127749,281,Hard Rock
Pantera-Official-Live-101-Proof,0,0,NaN,40,0,0,0.009175126155735092,2008-10-26,-0.36700504622940366,282,Metal
Kayo-Dot-Dowsing-Anemone-With-Copper-Tongue,0,0,NaN,78,0,0,0.004722621192626349,2014-12-19,-0.3683644530248552,283,Experimental
Opeth-Lamentations,0,0,NaN,35,0,0,0.011578634479341498,2008-08-28,-0.40525220677695245,284,Progressive Metal
Iron-Maiden-Rock-in-Rio,0,0,NaN,32,0,0,0.012701868880629838,2011-06-01,-0.4064598041801548,285,Heavy Metal
Gojira-The-Way-of-All-Flesh,0,0,NaN,15,0,0,0.028421725365294345,2017-08-13,-0.42632588047941516,286,Death Metal
Hypocrisy-The-Final-Chapter,0,0,NaN,43,0,0,0.010781079270512008,2011-04-04,-0.46358640863201633,287,Melodic Death Metal
Tiamat-Wildhoney,5,5,1,323,0.015479876160990712,0.006159905927839717,0.01708294952820641,2014-01-16,-0.5177926976106701,288,Doom Metal
Hopesfall-No-Wings-To-Speak-Of,0,0,NaN,108,0,0,0.004972790367879306,2013-02-05,-0.5370613597309651,289,Post Hardcore
Between-the-Buried-and-Me-Colors_Live,0,0,NaN,263,0,0,0.0020646303363558573,2009-07-17,-0.5429977784615905,290,Progressive Metal
Slayer-Haunting-the-Chapel,1,1,1,83,0.012048192771084338,0,0.018752159772267435,2010-11-29,-0.556429261098197,291,Thrash Metal
My-Dying-Bride-The-Angel-and-the-Dark-River,1,1,1,114,0.008771929824561403,0,0.013714129682059203,2009-12-02,-0.5634107837547492,292,Doom Metal
Enslaved-Isa,0,0,NaN,46,0,0,0.012312969817016909,2014-03-01,-0.5663966115827778,293,Black Metal
Saxon-Wheels-of-Steel,0,0,NaN,19,0,0,0.030318232029341422,2014-02-25,-0.576046408557487,294,Heavy Metal
Porcupine-Tree-Anesthetize,0,0,NaN,51,0,0,0.011429732805628427,2013-02-11,-0.5829163730870498,295,Progressive Rock
Soundgarden-Badmotorfinger,0,0,NaN,36,0,0,0.016951779110747925,2017-09-26,-0.6102640479869252,296,Grunge
Janes-Addiction-Nothings-Shocking,0,0,NaN,63,0,0,0.009794588049543484,2016-01-05,-0.6170590471212395,297,Alternative Rock
Blind-Guardian-A-Night-at-the-Opera,0,0,NaN,97,0,0,0.006560286741197739,2011-06-20,-0.6363478138961807,298,Power Metal
Melvins-Gluey-Porch-Treatments,1,1,1,86,0.011627906976744186,0,0.01910701644418105,2013-03-23,-0.6432034141995704,299,Sludge Metal
Swallow-the-Sun-The-Morning-Never-Came,3,3,1,215,0.013953488372093023,0.0034012145486508084,0.016967761811817045,2012-01-07,-0.6480687895406648,300,Doom Metal
Death-Leprosy,0,0,NaN,23,0,0,0.02828041279256053,2017-06-25,-0.6504494942288922,301,Death Metal
Suicidal-Tendencies-How-Will-I-Laugh-Tomorrow-If-I-Cant-Even-Smile-Today,1,1,1,50,0.02,0,0.03329578372609584,2013-01-03,-0.6647891863047919,302,Hardcore
Periphery-Periphery-Instrumental,0,0,NaN,54,0,0,0.012729573716548082,2013-01-24,-0.6873969806935964,303,Progressive Metal
Scorpions-Love-At-First-Sting,2,2,1,78,0.02564102564102564,0.0026696821480672317,0.03446092776173924,2013-09-25,-0.6879523654156611,304,Hard Rock
Alice-in-Chains-MTV-Unplugged,0,0,NaN,47,0,0,0.014861190333665378,2013-02-14,-0.6984759456822728,305,Grunge
Accept-Metal-Heart,0,0,NaN,34,0,0,0.020581064221670983,2014-03-05,-0.6997561835368135,306,Heavy Metal
Liquid-Tension-Experiment-Liquid-Tension-Experiment-2,0,0,NaN,47,0,0,0.01489467264355524,2011-08-31,-0.7000496142470962,307,Progressive Metal
Steve-Vai-Passion-and-Warfare,0,0,NaN,47,0,0,0.01531156883003682,2009-09-07,-0.7196437350117305,308,Rock
Gorod-Leading-Vision,0,0,NaN,144,0,0,0.005014340463033926,2009-09-20,-0.7220650266768853,309,Death Metal
Katatonia-The-Great-Cold-Distance,0,0,NaN,51,0,0,0.014180280936867814,2017-06-08,-0.7231943277802585,310,Doom Metal
Battle-Of-Mice-A-Day-Of-Nights,0,0,NaN,80,0,0,0.009425184880398734,2012-10-10,-0.7540147904318988,311,Post Metal
Katatonia-Last-Fair-Deal-Gone-Down,0,0,NaN,23,0,0,0.03296414393700296,2017-11-15,-0.7581753105510681,312,Doom Metal
Iron-Maiden-Somewhere-in-Time,38,36,1.0555555555555556,1326,0.02865761689291101,0.021725907883392813,0.029230902286819724,2015-01-22,-0.7601764323229554,313,Heavy Metal
King-Diamond-Them,1,1,1,70,0.014285714285714285,0,0.02539027183537054,2012-04-09,-0.7773190284759378,314,Heavy Metal
Ozzy-Osbourne-Diary-of-a-Madman,0,0,NaN,62,0,0,0.012686366200002947,2012-03-03,-0.7865547044001827,315,Heavy Metal
Savatage-Gutter-Ballet,0,0,NaN,74,0,0,0.010649793265542227,2014-05-17,-0.7880847016501248,316,Heavy Metal
Devin-Townsend-Terria,7,7,1,531,0.013182674199623353,0.006327561372904977,0.01466849926512345,2012-08-14,-0.788973109780552,317,Progressive Rock
Fates-Warning-No-Exit,0,0,NaN,41,0,0,0.019419447429702898,2014-01-23,-0.7961973446178188,318,Progressive Metal
Blind-Guardian-Nightfall-in-Middle-Earth,2,2,1,198,0.010101010101010102,8.534786196683995e-4,0.014125979955721176,2014-08-30,-0.7969440312327927,319,Power Metal
Quo-Vadis-Defiant-Imagination,0,0,NaN,78,0,0,0.010377973137250168,2011-01-02,-0.8094819047055131,320,Melodic Death Metal
Buckethead-Electric-Tears,0,0,NaN,33,0,0,0.0248060869510228,2014-02-24,-0.8186008693837524,321,Experimental
Ministry-Psalm-69,0,0,NaN,67,0,0,0.012366059549208306,2012-03-07,-0.8285259897969565,322,Industrial
Protest-the-Hero-Fortress-Instrumental,0,0,NaN,215,0,0,0.00388616076515744,2009-04-04,-0.8355245645088496,323,Progressive Metal
Accept-Blood-of-the-Nations,0,0,NaN,43,0,0,0.019516140808951945,2015-05-03,-0.8391940547849336,324,Heavy Metal
Rotten-Sound-Exit,0,0,NaN,50,0,0,0.01683275400536695,2013-02-15,-0.8416377002683474,325,Grind
Malevolent-Creation-Retribution,3,3,1,163,0.018404907975460124,0.004545931985453316,0.02376712085211671,2013-02-08,-0.8740406988950234,326,Death Metal
Blind-Guardian-Somewhere-Far-Beyond,1,1,1,151,0.006622516556291391,0,0.012507916107751916,2012-08-13,-0.8886953322705393,327,Power Metal
Immolation-Unholy-Cult,13,13,1,422,0.030805687203791468,0.018717434498032957,0.03291185888259825,2014-07-11,-0.8888044484564606,328,Death Metal
Amon-Amarth-With-Oden-on-Our-Side,7,7,1,364,0.019230769230769232,0.009264136794502012,0.021699756135403758,2012-03-07,-0.8987112332869676,329,Melodic Death Metal
Katatonia-Brave-Murder-Day,4,4,1,197,0.02030456852791878,0.00686558761299013,0.025041646431707084,2013-10-05,-0.9332043470462958,330,Doom Metal
The-Dillinger-Escape-Plan-Calculating-Infinity,0,0,NaN,39,0,0,0.024337275434040857,2018-03-21,-0.9491537419275934,331,Metalcore
Megadeth-Peace-Sells...-But-Whos-Buying,60,60,1,1885,0.03183023872679045,0.025610201829766116,0.03233843683130347,2014-04-01,-0.9579534270070383,332,Thrash Metal
Moonsorrow-Voimasta-Ja-Kunniasta,0,0,NaN,39,0,0,0.02489335719989102,2013-10-28,-0.9708409307957497,333,Folk
Melvins-Lysol,0,0,NaN,83,0,0,0.0120755948654145,2012-12-13,-1.0022743738294035,334,Sludge Metal
The-Pax-Cecilia-Blessed-Are-The-Bonds,0,0,NaN,403,0,0,0.0025032559665807996,2009-06-02,-1.0088121545320623,335,Post Metal
Scale-the-Summit-The-Collective,0,0,NaN,110,0,0,0.009435644594807238,2012-09-27,-1.0379209054287961,336,Progressive Metal
Kalmah-They-Will-Return,0,0,NaN,96,0,0,0.010964574775641504,2013-02-16,-1.0525991784615845,337,Melodic Death Metal
Leprous-Bilateral,3,3,1,217,0.013824884792626729,0.0033685640381747387,0.01870670707970819,2014-07-22,-1.0593554362966773,338,Progressive Metal
Iron-Maiden-Piece-of-Mind,13,13,1,477,0.027253668763102725,0.016541744377148858,0.02948693770020097,2015-09-03,-1.0652692829958634,339,Heavy Metal
Anata-The-Conductors-Departure,0,0,NaN,123,0,0,0.008732703829611463,2011-12-11,-1.07412257104221,340,Death Metal
Belakor-Stones-Reach,5,5,1,288,0.017361111111111112,0.006921547711188277,0.021099976207278725,2013-08-03,-1.0767931476962724,341,Melodic Death Metal
Om-Conference-of-the-Birds,0,0,NaN,67,0,0,0.016681432929896534,2012-10-28,-1.1176560063030678,342,Psychedelic
Porcupine-Tree-Deadwing,0,0,NaN,73,0,0,0.015417804023979633,2015-07-23,-1.1254996937505133,343,Progressive Rock
Killing-Joke-Killing-Joke,0,0,NaN,68,0,0,0.017161555910211075,2013-08-22,-1.166985801894353,344,Post Punk
Fear-Before-The-Always-Open-Mouth,4,4,1,1106,0.003616636528028933,0.0011917707755920237,0.004685196318410597,2013-12-30,-1.1818271281621209,345,Post Hardcore
Mirrorthrone-Carriers-of-Dust,0,0,NaN,254,0,0,0.004671973447639737,2008-10-30,-1.1866812557004933,346,Black Metal
Ulver-Bergtatt---Et-eeventyr-i-5-capitler,81,74,1.0945945945945945,3373,0.024014230655203084,0.019923978308140577,0.024370764229933523,2013-08-17,-1.2025877475657725,347,Experimental
Cursed-II,0,0,NaN,146,0,0,0.008345886715969256,2014-07-03,-1.2184994605315114,348,Hardcore
Leprous-Tall-Poppy-Syndrome,0,0,NaN,66,0,0,0.018502521548041478,2013-11-19,-1.2211664221707375,349,Progressive Metal
Overkill-The-Years-of-Decay,7,7,1,262,0.026717557251908396,0.01292814059250753,0.031411058830934084,2014-06-27,-1.2296974137047303,350,Thrash Metal
Karnivool-Themata,0,0,NaN,364,0,0,0.0033789848395739774,2010-10-20,-1.2299504816049278,351,Progressive Rock
Rosetta-The-Galilean-Satellites,4,4,1,624,0.00641025641025641,0.0021216987877229502,0.008422529552806991,2012-04-24,-1.2556584409515625,352,Post Metal
Strapping-Young-Lad-Alien,12,10,1.2,531,0.022598870056497175,0.013375879146566391,0.02500611187756548,2012-11-25,-1.2782454069872697,353,Industrial
Cave-In-Jupiter,0,0,NaN,149,0,0,0.00865399156558514,2014-05-13,-1.2894447432721858,354,Progressive Rock
The-Chariot-Long-Live,2,2,1,426,0.004694835680751174,3.632496213401967e-4,0.007734916007743595,2013-03-11,-1.2950742192987716,355,Hardcore
Opeth-My-Arms-Your-Hearse,27,26,1.0384615384615385,813,0.033210332103321034,0.023835055517855547,0.03483592026509254,2017-05-20,-1.321603175520232,356,Progressive Metal
Helloween-Keeper-of-the-Seven-Keys-Part-I,0,0,NaN,89,0,0,0.014981570768451235,2014-01-11,-1.33335979839216,357,Power Metal
Coalesce-012-Revolution-in-Just-Listening,0,0,NaN,73,0,0,0.018277873330081337,2012-11-23,-1.3342847530959376,358,Hardcore
Savatage-The-Hall-of-the-Mountain-King,0,0,NaN,87,0,0,0.015394273308124541,2013-09-05,-1.339301777806835,359,Heavy Metal
Pelican-The-Fire-in-Our-Throats-Will-Beckon...,1,1,1,254,0.003937007874015748,0,0.009215889992486506,2010-07-18,-1.3408360580915726,360,Post Metal
My-Dying-Bride-The-Dreadful-Hours,0,0,NaN,112,0,0,0.012185088553906246,2010-12-28,-1.3647299180374994,361,Doom Metal
Black-Flag-Nervous-Breakdown,0,0,NaN,67,0,0,0.02040161900788036,2014-03-16,-1.366908473527984,362,Hardcore
Intronaut-The-Direction-of-Last-Things,0,0,NaN,45,0,0,0.030377222199413783,2017-04-09,-1.3669749989736202,363,Post Metal
Blind-Guardian-Imaginations-from-the-Other-Side,0,0,NaN,119,0,0,0.011569442808732525,2013-01-06,-1.3767636942391703,364,Power Metal
Amenra-Mass-V,3,3,1,442,0.006787330316742082,0.0016184497685530885,0.009987852254951388,2014-12-01,-1.4146306966885136,365,Post Metal
Death-Angel-The-Ultra-Violence,2,2,1,109,0.01834862385321101,0.0017442683595179122,0.03138366127091873,2013-06-30,-1.4208190785301418,366,Thrash Metal
Hypocrisy-Abducted,0,0,NaN,84,0,0,0.0170972151596194,2011-10-07,-1.4361660734080295,367,Melodic Death Metal
Ayreon-The-Human-Equation,0,0,NaN,121,0,0,0.01209628410563236,2011-01-27,-1.4636503767815154,368,Progressive Metal
Burst-Origo,0,0,NaN,237,0,0,0.006210717106072598,2011-10-17,-1.4719399541392058,369,Progressive Metal
Kalmah-Swampsong,1,1,1,71,0.014084507042253521,0,0.03501602631322179,2013-07-12,-1.4861378682387467,370,Melodic Death Metal
Psycroptic-The-Scepter-of-the-Ancients,1,1,1,151,0.006622516556291391,0,0.016800060415760803,2012-10-15,-1.5368091227798815,371,Death Metal
Pain-of-Salvation-Remedy-Lane,0,0,NaN,116,0,0,0.01326871662371042,2011-07-25,-1.5391711283504088,372,Progressive Metal
Vektor-Outer-Isolation,12,12,1,612,0.0196078431372549,0.011594371695791245,0.02217178988176858,2014-02-06,-1.5691354076423705,373,Thrash Metal
Haken-The-Mountain,5,5,1,574,0.008710801393728223,0.0034425917674603193,0.011470565951168967,2014-08-25,-1.5841048559709872,374,Progressive Metal
Eyehategod-Take-as-Needed-for-Pain,2,2,1,237,0.008438818565400843,6.94694283860188e-4,0.015125605993260282,2014-02-11,-1.584768620402687,375,Sludge Metal
Acid-Bath-Paegan-Terrorism-Tactics,0,0,NaN,115,0,0,0.013976208477803734,2013-10-10,-1.6072639749474296,376,Sludge Metal
Exodus-Bonded-by-Blood,2,2,1,155,0.012903225806451613,0.0011370943793347597,0.023312550863831733,2016-05-25,-1.6134453838939187,377,Thrash Metal
Scorpions-Blackout,0,0,NaN,63,0,0,0.025733199348156228,2014-02-24,-1.6211915589338424,378,Hard Rock
Blindead-Affliction-XXIX-II-MCMXCVI,0,0,NaN,101,0,0,0.016094750809851028,2013-08-08,-1.6255698317949538,379,Post Metal
Sepultura-Arise,1,1,1,54,0.018518518518518517,0,0.04862987498448652,2016-05-02,-1.6260132491622719,380,Thrash Metal
Bolt-Thrower-Those-Once-Loyal,9,7,1.2857142857142858,394,0.02284263959390863,0.012260191833165167,0.027097252184184,2013-04-26,-1.6763173605684965,381,Death Metal
Rainbow-Ritchie-Blackmores-Rainbow,0,0,NaN,86,0,0,0.019516383377062102,2015-01-23,-1.6784089704273408,382,Hard Rock
Acid-Bath-When-the-Kite-String-Pops,3,3,1,304,0.009868421052631578,0.0023757623593899622,0.015405678826024635,2015-06-07,-1.6833263631114892,383,Sludge Metal
Dream-Theater-Six-Degrees-of-Inner-Turbulence,0,0,NaN,153,0,0,0.011009498985931048,2014-08-06,-1.6844533448474504,384,Progressive Metal
Symphony-X-V-The-New-Mythology-Suite,2,2,1,144,0.013888888888888888,0.0012415555517443187,0.025597684026051785,2012-09-23,-1.6860664997514572,385,Progressive Metal
Scorpions-Lovedrive,0,0,NaN,70,0,0,0.02465120953258295,2013-06-17,-1.7255846672808066,386,Hard Rock
Riverside-Out-of-Myself,0,0,NaN,170,0,0,0.010300927646585908,2013-10-26,-1.7511576999196043,387,Progressive Rock
Pig-Destroyer-Prowler-in-the-Yard,3,3,1,268,0.011194029850746268,0.0027058686436203603,0.017828539072299976,2014-10-04,-1.7780484713763938,388,Grind
Batushka-Litourgiya,8,8,1,523,0.015296367112810707,0.007804340991239594,0.01870042959853566,2016-08-24,-1.7803246800341503,389,Black Metal
Dir-En-Grey-Uroboros,4,4,1,487,0.008213552361396304,0.002726270477045963,0.01195645217659611,2015-03-03,-1.8227922100023055,390,Progressive Metal
Motorhead-Overkill,7,7,1,216,0.032407407407407406,0.015733929141570763,0.04085060111171716,2016-01-27,-1.8237298401309063,391,Heavy Metal
Pain-of-Salvation-The-Perfect-Element-Part-1,0,0,NaN,167,0,0,0.011063136233548432,2013-06-02,-1.847543751002588,392,Progressive Metal
Sleep-Dopesmoker,6,6,1,404,0.01485148514851485,0.006595141233381938,0.01942971559334687,2013-06-23,-1.8496050997121352,393,Stoner Rock
Suicidal-Tendencies-Suicidal-Tendencies,0,0,NaN,111,0,0,0.016889854493642855,2014-08-17,-1.8747738487943568,394,Hardcore
Blut-Aus-Nord-The-Work-Which-Transforms-God,6,6,1,336,0.017857142857142856,0.007947716194729549,0.023451119227719117,2015-02-18,-1.8795760605136238,395,Black Metal
Jakob-Solace,1,1,1,289,0.0034602076124567475,0,0.009970389879157516,2014-06-16,-1.8814426750765219,396,Post Rock
Disillusion-Back-to-Times-of-Splendor,15,13,1.1538461538461537,549,0.0273224043715847,0.017245780765144943,0.030808025005469912,2016-10-20,-1.9136057280029821,397,Progressive Metal
Dark-Tranquillity-Character,9,9,1,401,0.022443890274314215,0.012044084158760373,0.027216553032065875,2013-04-13,-1.9138377658584158,398,Melodic Death Metal
Boris-Pink,2,2,1,315,0.006349206349206349,5.051960893903956e-4,0.012430081958891016,2013-05-10,-1.91547581705067,399,Drone
Blue-Oyster-Cult-Secret-Treaties,0,0,NaN,94,0,0,0.020511350001831477,2015-04-11,-1.9280669001721589,400,Hard Rock
maudlin-of-the-Well-Part-the-Second,0,0,NaN,266,0,0,0.007400710410180817,2012-09-23,-1.9685889691080973,401,Experimental
A-Perfect-Circle-Thirteenth-Step,1,1,1,329,0.00303951367781155,0,0.009063393128392553,2016-05-02,-1.98185633924115,402,Alternative Rock
Metallica-Master-of-Puppets,0,0,NaN,59,0,0,0.03361413031176725,2018-02-22,-1.9832336883942678,403,Thrash Metal
Helloween-Keeper-of-the-Seven-Keys-Part-II,0,0,NaN,63,0,0,0.03212014382718654,2014-06-01,-2.023569061112752,404,Power Metal
Kamelot-The-Black-Halo,5,5,1,504,0.00992063492063492,0.0039255729107968585,0.014005596266374074,2014-04-03,-2.0588205182525336,405,Power Metal
Ihsahn-After,1,1,1,239,0.0041841004184100415,0,0.01282438719416141,2011-06-28,-2.0650285394045773,406,Progressive Metal
Metallica-Live-Shit-Binge--Purge,0,0,NaN,143,0,0,0.01454968008258912,2010-11-24,-2.0806042518102443,407,Thrash Metal
Yngwie-Malmsteen-Rising-Force,0,0,NaN,39,0,0,0.05551526647934802,2013-06-29,-2.165095392694573,408,Metal
In-Mourning-Shrouded-Divine,0,0,NaN,616,0,0,0.0035148337539682743,2008-11-27,-2.165137592444457,409,Progressive Metal
Boris-Boris-At-Last--Feedbacker-,0,0,NaN,248,0,0,0.008779559990779477,2016-01-05,-2.1773308777133105,410,Drone
Darkspace-Dark-Space-III,10,9,1.1111111111111112,451,0.022172949002217297,0.012362861584958744,0.02711638740742497,2013-07-30,-2.229490720748661,411,Black Metal
Sigh-Imaginary-Sonicscape,0,0,NaN,301,0,0,0.007408198872533143,2011-03-17,-2.229867860632476,412,Black Metal
Botch-An-Anthology-of-Dead-Ends,1,1,1,296,0.0033783783783783786,0,0.011063706593057566,2012-11-07,-2.2748571515450395,413,Metalcore
Gojira-From-Mars-to-Sirius,10,10,1,633,0.01579778830963665,0.00878652228282048,0.0194622133284387,2012-10-29,-2.319581036901697,414,Death Metal
Pig-Destroyer-Terrifyer,5,5,1,612,0.008169934640522876,0.0032270505807097793,0.011971495336222332,2013-01-05,-2.326555145768067,415,Grind
Negura-Bunget-OM,0,0,NaN,124,0,0,0.019091231025896976,2012-09-12,-2.367312647211225,416,Black Metal
Dan-Swano-Moontower,3,3,1,230,0.013043478260869565,0.003170688563936163,0.023409422755436022,2012-08-22,-2.384167233750285,417,Melodic Death Metal
Fates-Warning-Parallels,1,1,1,272,0.003676470588235294,0,0.012490043542553252,2015-08-30,-2.397291843574484,418,Progressive Metal
In-Flames-Whoracle,8,8,1,248,0.03225806451612903,0.016598431081636104,0.042006713727284914,2016-12-01,-2.417665004366659,419,Melodic Death Metal
Angra-Temple-of-Shadows,0,0,NaN,90,0,0,0.027198165515655567,2015-06-03,-2.447834896409001,420,Power Metal
Porcupine-Tree-Lightbulb-Sun,0,0,NaN,235,0,0,0.010509879307059364,2015-01-22,-2.4698216371589505,421,Progressive Rock
Black-Flag-My-War,0,0,NaN,142,0,0,0.01754950746855013,2014-09-04,-2.492030060534119,422,Hardcore
Deftones-Around-the-Fur,2,2,1,503,0.003976143141153081,3.038308193919585e-4,0.008931568765157211,2016-04-02,-2.4925790888740775,423,Metal
Hopesfall-The-Satellite-Years,1,1,1,533,0.001876172607879925,0,0.006586397170282279,2014-02-03,-2.5105496917604544,424,Post Hardcore
Mayhem-Live-in-Leipzig,2,2,1,114,0.017543859649122806,0.0016499458701816662,0.039874668622948105,2013-06-09,-2.5457122230160842,425,Black Metal
Thin-Lizzy-Jailbreak,0,0,NaN,150,0,0,0.017000574143940572,2012-01-31,-2.550086121591086,426,Hard Rock
Helmet-Meantime,0,0,NaN,193,0,0,0.013243987110451393,2012-10-20,-2.556089512317119,427,Post Hardcore
maudlin-of-the-Well-Leaving-Your-Body-Map,1,1,1,401,0.0024937655860349127,0,0.008941989816384027,2013-01-18,-2.585737916369995,428,Experimental
Fates-Warning-Awaken-the-Guardian,0,0,NaN,188,0,0,0.013792376454036819,2013-06-19,-2.592966773358922,429,Progressive Metal
Boris-Akuma-no-Uta,0,0,NaN,138,0,0,0.018791408720511854,2012-11-04,-2.5932144034306357,430,Drone
Cloudkicker-Beacons,0,0,NaN,272,0,0,0.009563949695862928,2012-07-09,-2.6013943172747167,431,Progressive Metal
Protest-the-Hero-Kezia,2,2,1,1475,0.0013559322033898306,9.883955230533112e-5,0.003136213778227723,2009-04-02,-2.625915322885891,432,Progressive Metal
Entombed-Clandestine,0,0,NaN,93,0,0,0.028363035632516666,2013-10-07,-2.63776231382405,433,Death Metal
Propagandhi-Supporting-Caste,0,0,NaN,505,0,0,0.005239326961804682,2011-07-02,-2.6458601157113644,434,Punk
We-Lost-the-Sea-Departure-Songs,0,0,NaN,289,0,0,0.009667023826468352,2016-10-01,-2.793769885849354,435,Post Rock
Burzum-Hvis-lyset-tar-oss,1,1,1,155,0.0064516129032258064,0,0.024831511714866188,2014-12-22,-2.848884315804259,436,Black Metal
Faith-No-More-Angel-Dust,0,0,NaN,174,0,0,0.016771386671751678,2014-05-28,-2.918221280884792,437,Alternative Rock
Voivod-Nothingface,3,3,1,202,0.01485148514851485,0.0036298643679233064,0.02947857461608614,2015-07-09,-2.9546720724494007,438,Thrash Metal
maudlin-of-the-Well-Bath,2,2,1,305,0.006557377049180328,5.235651512041587e-4,0.016271707250585552,2016-08-05,-2.9628707114285935,439,Experimental
Living-Colour-Vivid,0,0,NaN,309,0,0,0.00962681542883871,2011-09-29,-2.9746859675111614,440,Funk
Karnivool-Sound-Awake,0,0,NaN,303,0,0,0.009974057614843261,2015-01-25,-3.022139457297508,441,Progressive Rock
Mr.-Bungle-Disco-Volante,1,1,1,384,0.0026041666666666665,0,0.010541307827583727,2014-09-20,-3.0478622057921516,442,Experimental
Queensryche-Rage-for-Order,7,7,1,398,0.017587939698492462,0.008464410485960895,0.0257796797951035,2014-03-20,-3.260312558451193,443,Progressive Metal
Enslaved-RIITIIR,20,20,1,901,0.022197558268590455,0.014984853989688953,0.02583122543127676,2013-09-14,-3.2739341135803612,444,Black Metal
Nevermore-This-Godless-Endeavor,1,1,1,277,0.0036101083032490976,0,0.015490472858988438,2011-06-26,-3.2908609819397974,445,Thrash Metal
Immolation-Majesty-and-Decay,31,31,1,1482,0.020917678812415654,0.015343990657751124,0.023157536999270652,2012-06-30,-3.3194698329191064,446,Death Metal
Emperor-In-the-Nightside-Eclipse,27,23,1.173913043478261,981,0.027522935779816515,0.019734120614500264,0.030928689011528645,2016-10-20,-3.341043920309599,447,Black Metal
Shining-SWE-V---Halmstad,4,4,1,296,0.013513513513513514,0.004522462927724697,0.024843973889721323,2012-03-07,-3.3538162713575113,448,Black Metal
Anathema-Alternative-4,0,0,NaN,242,0,0,0.014041227420999216,2014-06-04,-3.3979770358818104,449,Progressive Rock
Black-Flag-Damaged,0,0,NaN,292,0,0,0.01190617314654923,2012-06-08,-3.4766025587923752,450,Hardcore
Children-of-Bodom-Follow-the-Reaper,8,8,1,445,0.017977528089887642,0.009184691979939232,0.025925096799621933,2012-07-16,-3.5366680758317592,451,Melodic Death Metal
Rosetta-Wake-Lift,0,0,NaN,297,0,0,0.011995610363897662,2013-05-04,-3.5626962780776057,452,Post Metal
Satyricon-Nemesis-Divina,1,1,1,129,0.007751937984496124,0,0.03566053739800002,2012-07-24,-3.6002093243420026,453,Black Metal
Cradle-of-Filth-Dusk-and-Her-Embrace,30,28,1.0714285714285714,640,0.046875,0.03433754630824413,0.052544332043275355,2013-08-24,-3.628372507696227,454,Black Metal
Nocturnus-The-Key,2,2,1,341,0.005865102639296188,4.629164875815592e-4,0.016540895191282833,2014-11-22,-3.640445260227446,455,Death Metal
Caladan-Brood-Echoes-Of-Battle,4,4,1,297,0.013468013468013467,0.004506920744165624,0.02580053324084526,2016-08-18,-3.6627583725310426,456,Black Metal
Taake-Hordalands-Doedskvad,0,0,NaN,144,0,0,0.025486356020092884,2012-09-03,-3.6700352668933753,457,Black Metal
Agalloch-Pale-Folklore,16,16,1,619,0.025848142164781908,0.01657976790757449,0.031803497714396424,2016-09-05,-3.6863650852113854,458,Black Metal
Faith-No-More-The-Real-Thing,1,1,1,254,0.003937007874015748,0,0.018516328863574322,2015-12-25,-3.7031475313478777,459,Alternative Rock
Ulcerate-Shrines-of-Paralysis,56,45,1.2444444444444445,2836,0.019746121297602257,0.015740196865484626,0.02105496128090005,2017-01-04,-3.711870192632541,460,Death Metal
Blut-Aus-Nord-Memoria-Vetusta-II---Dialogue-With-The-Stars,1,1,1,193,0.0051813471502590676,0,0.024926839235120377,2012-12-20,-3.8108799723782325,461,Black Metal
Kvelertak-Kvelertak,22,22,1,1399,0.015725518227305217,0.010817202251730907,0.018479083937391363,2011-12-20,-3.8522384284105176,462,Black Metal
Incubus-Make-Yourself,2,2,1,427,0.00468384074941452,3.6233032127235e-4,0.013815276949150893,2013-07-06,-3.8991232572874313,463,Alternative Rock
Ozzy-Osbourne-Blizzard-of-Ozz,0,0,NaN,195,0,0,0.020527143255135213,2013-06-21,-4.002792934751366,464,Heavy Metal
X-Japan-Art-of-Life,2,2,1,552,0.0036231884057971015,2.7515067029186026e-4,0.0110051473639323,2013-02-15,-4.07484134489063,465,Progressive Metal
Altar-of-Plagues-Teethed-Glory-and-Injury,18,14,1.2857142857142858,1040,0.01730769230769231,0.011398375446034304,0.02123895146495758,2015-09-16,-4.088509523555881,466,Black Metal
Dir-En-Grey-Dum-Spiro-Spero,3,3,1,615,0.004878048780487805,0.0011562019866986177,0.011562207299110182,2015-09-22,-4.110757488952762,467,Progressive Metal
Coroner-No-More-Color,9,9,1,416,0.021634615384615384,0.011605713495165069,0.03162956739579581,2015-02-12,-4.157900036651057,468,Thrash Metal
The-Ocean-Precambrian,7,7,1,905,0.0077348066298342545,0.003700420921859851,0.012372872019514916,2013-09-03,-4.197449177660999,469,Post Metal
Zao-Liberate-Te-Ex-Inferis,2,2,1,552,0.0036231884057971015,2.7515067029186026e-4,0.0112293265015395,2014-09-21,-4.198588228849804,470,Metalcore
The-Devin-Townsend-Band-Accelerated-Evolution,3,3,1,389,0.007712082262210797,0.0018442799501820015,0.018545783819421086,2012-12-23,-4.214309905754803,471,Progressive Rock
The-Ocean-Pelagial,1,1,1,424,0.0023584905660377358,0,0.012417016943084756,2014-09-23,-4.2648151838679365,472,Post Metal
The-Angelic-Process-Weighing-Souls-With-Sand,2,2,1,655,0.0030534351145038168,2.2955249052328437e-4,0.009681328359733652,2013-01-29,-4.341270075625542,473,Shoegaze
Obituary-Slowly-We-Rot,0,0,NaN,193,0,0,0.022566398233719916,2013-07-16,-4.355314859107944,474,Death Metal
Uneven-Structure-Februus,1,1,1,391,0.0025575447570332483,0,0.013760302220528335,2013-06-18,-4.380278168226579,475,Progressive Metal
Animals-As-Leaders-Animals-as-Leaders,0,0,NaN,315,0,0,0.014074434305095208,2013-03-28,-4.433446806104991,476,Progressive Metal
Norma-Jean-Polar-Similar,0,0,NaN,578,0,0,0.007718857557297701,2016-12-17,-4.461499668118071,477,Metalcore
Voivod-Dimension-Hatross,1,1,1,298,0.003355704697986577,0,0.018515347820675758,2013-12-07,-4.517573650561376,478,Thrash Metal
diSEMBOWELMENT--Transcendence-into-the-Peripheral,11,11,1,675,0.016296296296296295,0.009363803157063609,0.02303640778193903,2015-01-14,-4.549575252808846,479,Doom Metal
Immortal-Sons-of-Northern-Darkness,16,16,1,494,0.032388663967611336,0.020808885578887194,0.04171268042550981,2011-11-27,-4.606064130201846,480,Black Metal
Dark-Tranquillity-Fiction,21,17,1.2352941176470589,1022,0.02054794520547945,0.014011852075571339,0.02512646235216609,2012-08-11,-4.679244523913745,481,Melodic Death Metal
Integrity-Those-Who-Fear-Tomorrow,3,3,1,534,0.0056179775280898875,0.0013346997340044995,0.014575859961349776,2013-10-27,-4.783509219360781,482,Hardcore
Drudkh-Blood-In-Our-Wells,3,3,1,214,0.014018691588785047,0.0034177777469677362,0.03638005585719286,2013-08-14,-4.785331953439272,483,Black Metal
In-Flames-Colony,15,15,1,729,0.0205761316872428,0.012964554796663162,0.02731117073805781,2014-11-22,-4.9098434680441425,484,Melodic Death Metal
Moonsorrow-Kivenkantaja,0,0,NaN,127,0,0,0.03882819965404027,2015-12-14,-4.931181356063114,485,Folk
Primordial-The-Gathering-Wilderness,0,0,NaN,114,0,0,0.044162470767136607,2012-02-11,-5.034521667453573,486,Black Metal
SikTh-Death-of-a-Dead-Day,3,3,1,999,0.003003003003003003,7.075362937212161e-4,0.008081849309851568,2011-02-05,-5.073767460541717,487,Progressive Metal
Boris-Flood,0,0,NaN,484,0,0,0.010548600593797856,2013-12-29,-5.105522687398162,488,Drone
Nokturnal-Mortum-The-Voice-of-Steel,15,14,1.0714285714285714,715,0.02097902097902098,0.013219807186727455,0.02813010820663002,2013-05-20,-5.113027367740464,489,Black Metal
Insomnium-Since-the-Day-It-All-Came-Down,1,1,1,265,0.0037735849056603774,0,0.023184703318188362,2011-12-28,-5.1439463793199165,490,Melodic Death Metal
Anathema-Judgement,4,4,1,691,0.005788712011577424,0.0019141000843773959,0.013465093173473898,2012-12-02,-5.304379382870463,491,Progressive Rock
Porcupine-Tree-The-Sky-Moves-Sideways,0,0,NaN,277,0,0,0.019475213182497085,2013-03-10,-5.394634051551693,492,Progressive Rock
S.O.D.-Speak-English-or-Die,10,10,1,407,0.02457002457002457,0.013712098213215883,0.03826797987462797,2013-02-09,-5.575067808973584,493,Thrash Metal
Dream-Theater-Awake,4,4,1,667,0.005997001499250375,0.0019836251015097495,0.01462680267642134,2016-02-27,-5.756077385173033,494,Progressive Metal
Godflesh-Streetcleaner,5,5,1,699,0.00715307582260372,0.0028224580978603283,0.016057397308409955,2014-02-14,-6.2241207185785585,495,Industrial
Misery-Signals-Of-Malice-and-the-Magnum-Heart,18,18,1,1562,0.011523687580025609,0.0075792333485506,0.015556294394859326,2012-11-03,-6.298931844770267,496,Metalcore
Neurosis-Given-to-the-Rising,27,26,1.0384615384615385,1635,0.01651376146788991,0.011818359630634948,0.020366679820379735,2013-02-14,-6.299521506320866,497,Post Metal
Black-Sabbath-Heaven-and-Hell,20,18,1.1111111111111112,1032,0.01937984496124031,0.013074993087857027,0.025545593247044047,2013-11-17,-6.363052230949457,498,Doom Metal
Botch-We-Are-the-Romans,19,18,1.0555555555555556,2047,0.009281875915974597,0.0061780712386218005,0.012398658742461674,2013-10-08,-6.380054445819047,499,Metalcore
Primordial-To-the-Nameless-Dead,1,1,1,307,0.003257328990228013,0,0.024058970458322424,2009-12-11,-6.386103930704984,500,Black Metal
Soilwork-The-Living-Infinite,11,11,1,1041,0.010566762728146013,0.006059377266084716,0.016735479399051813,2014-02-22,-6.421634054412939,501,Melodic Death Metal
Poison-the-Well-The-Opposite-of-December,0,0,NaN,625,0,0,0.010761461739053372,2012-01-21,-6.725913586908358,502,Metalcore
Horrendous-Anareta,6,6,1,457,0.01312910284463895,0.005822739900380323,0.027959449751803745,2016-05-03,-6.777468536574312,503,Death Metal
SikTh-The-Trees-Are-Dead-and-Dried-Out-,1,1,1,702,0.0014245014245014246,0,0.011089546641356595,2011-10-28,-6.784861742232329,504,Progressive Metal
Wintersun-Wintersun,38,32,1.1875,1963,0.01935812531839022,0.014657056725936158,0.02285261169126214,2012-01-18,-6.859676749947576,505,Melodic Death Metal
Misery-Signals-Controller,36,31,1.1612903225806452,3068,0.011734028683181226,0.008803169508732821,0.01401110100358285,2012-09-11,-6.986057878992186,506,Metalcore
Protest-the-Hero-Fortress,0,0,NaN,3133,0,0,0.002266839830220671,2009-03-08,-7.102009188081362,507,Progressive Metal
Cult-of-Luna-The-Beyond,2,2,1,512,0.00390625,2.9812525338280237e-4,0.017818204374597316,2013-01-27,-7.122920639793826,508,Post Metal
Moonsorrow-V-Havitetty,4,4,1,422,0.009478672985781991,0.003152415154845545,0.02652964984369371,2012-08-06,-7.195512234038746,509,Folk
Poison-the-Well-You-Come-Before-You,0,0,NaN,492,0,0,0.014831164389991928,2012-02-23,-7.296932879876029,510,Metalcore
Black-Sabbath-Paranoid,74,71,1.0422535211267605,3088,0.023963730569948185,0.01970464232353339,0.026335605825407865,2014-06-19,-7.324350788859492,511,Doom Metal
Devin-Townsend-Project-Addicted,2,2,1,885,0.0022598870056497176,1.6748602896228277e-4,0.010711101459870224,2012-07-13,-7.479324791985149,512,Progressive Metal
Corelia-Nostalgia,0,0,NaN,514,0,0,0.014565713305281676,2013-05-07,-7.486776638914781,513,Progressive Metal
Lykathea-Aflame-Elvenefris,2,2,1,384,0.005208333333333333,4.0653874457304614e-4,0.024831860561020436,2013-10-11,-7.535434455431847,514,Death Metal
Machine-Head-The-Blackening,13,13,1,989,0.01314459049544995,0.007944621118363863,0.02078915723959682,2012-11-26,-7.560476509961256,515,Thrash Metal
Rosetta-A-Determinism-of-Morality,1,1,1,1336,7.485029940119761e-4,0,0.0065482152681477284,2011-03-22,-7.748415598245366,516,Post Metal
System-of-a-Down-Toxicity,9,9,1,1348,0.0066765578635014835,0.0035581682032926627,0.012429426458650628,2014-05-16,-7.754866866261047,517,Metal
Coldworld-Melancholie,20,17,1.1764705882352942,969,0.02063983488132095,0.013928743102759142,0.02871118194860321,2014-05-11,-7.821135308196509,518,Black Metal
Black-Sabbath-Sabotage,20,20,1,1005,0.01990049751243781,0.013427724873398283,0.027803320016233774,2015-03-27,-7.942336616314943,519,Doom Metal
Dream-Theater-Images-and-Words,10,10,1,1018,0.009823182711198428,0.005450807245142069,0.017656181564673985,2015-09-06,-7.973992832838117,520,Progressive Metal
Belakor-Vessels,5,5,1,501,0.00998003992015968,0.0039493183542449965,0.02602657743940332,2016-10-02,-8.039315297141064,521,Melodic Death Metal
Kayo-Dot-Choirs-of-the-Eye,0,0,NaN,668,0,0,0.012085703337500723,2015-07-28,-8.073249829450484,522,Experimental
The-Chariot-One-Wing,0,0,NaN,1070,0,0,0.007875552871013155,2014-02-06,-8.426841571984076,523,Hardcore
Kayo-Dot-Hubardo,5,5,1,1213,0.004122011541632316,0.0016213924084972683,0.011140839484107387,2014-02-13,-8.51383829422226,524,Experimental
The-Dillinger-Escape-Plan-Irony-Is-a-Dead-Scene,0,0,NaN,519,0,0,0.01657849173768738,2013-04-25,-8.60423721185975,525,Metalcore
Underoath-Define-the-Great-Line,29,24,1.2083333333333333,3200,0.0090625,0.006560405418054546,0.011790581178711582,2013-03-28,-8.729859771877063,526,Metalcore
Black-Sabbath-Black-Sabbath,30,30,1,1424,0.021067415730337078,0.015369409836167428,0.027421405952810184,2015-04-21,-9.048082076801704,527,Doom Metal
Iron-Maiden-Seventh-Son-of-a-Seventh-Son,6,6,1,504,0.011904761904761904,0.00527487948065734,0.02995138383661487,2015-04-25,-9.095497453653895,528,Heavy Metal
Burzum-Filosofem,14,13,1.0769230769230769,948,0.014767932489451477,0.009119540008391382,0.02438755134877235,2013-05-17,-9.11939867863619,529,Black Metal
Gorguts-Pleiades-Dust,7,7,1,659,0.010622154779969651,0.005090661843190195,0.024724674631542907,2016-08-24,-9.293560582186775,530,Death Metal
Dir-En-Grey-Arche,2,2,1,1077,0.0018570102135561746,1.3662043968879845e-4,0.010558832180989138,2016-07-11,-9.371862258925301,531,Progressive Metal
Drudkh-Autumn-Aurora,7,7,1,517,0.013539651837524178,0.00650030481464188,0.032923732162811234,2013-01-28,-10.021569528173409,532,Black Metal
Animals-As-Leaders-The-Joy-of-Motion,9,7,1.2857142857142858,1156,0.007785467128027681,0.004151175827063282,0.016550071936497678,2014-08-19,-10.131883158591316,533,Progressive Metal
Mr.-Bungle-California,4,4,1,763,0.005242463958060288,0.0017319817398114192,0.018578381835369008,2015-09-24,-10.175305340386553,534,Experimental
Alcest-Kodama,13,9,1.4444444444444444,1430,0.00909090909090909,0.0054878926355489245,0.016323906118856035,2017-01-23,-10.343185749964132,535,Shoegaze
Anathema-Were-Here-Because-Were-Here,4,4,1,1400,0.002857142857142857,9.403605434530134e-4,0.010695741191960685,2012-12-25,-10.974037668744959,536,Progressive Rock
Ne-Obliviscaris-Citadel,14,10,1.4,1321,0.010598031794095382,0.006536891662096192,0.018906618056166533,2015-04-16,-10.97564245219599,537,Progressive Metal
Porcupine-Tree-Fear-of-a-Blank-Planet,4,4,1,787,0.005082592121982211,0.0016787393499469293,0.01933007506168116,2015-08-09,-11.212769073543072,538,Progressive Rock
Alice-in-Chains-Jar-of-Flies,2,2,1,946,0.0021141649048625794,1.562715875666307e-4,0.01413775613890239,2014-11-20,-11.374317307401661,539,Grunge
Neurosis-The-Eye-of-Every-Storm,41,28,1.4642857142857142,2249,0.01823032458870609,0.01395351346695305,0.02331465444786406,2013-10-08,-11.434657853246271,540,Post Metal
Porcupine-Tree-In-Absentia,6,6,1,1002,0.005988023952095809,0.0026413547167030635,0.017490168731463508,2015-08-28,-11.525149068926435,541,Progressive Rock
Neurosis-A-Sun-That-Never-Sets,22,21,1.0476190476190477,1729,0.012724117987275883,0.008747483862348943,0.0198395012934694,2014-05-09,-12.302497736408592,542,Post Metal
Faith-No-More-King-for-a-Day...-Fool-for-a-Lifetime,2,2,1,712,0.0028089887640449437,2.1025414576757075e-4,0.020353944949084785,2014-08-30,-12.492008803748368,543,Alternative Rock
Mastodon-Crack-the-Skye,49,45,1.0888888888888888,3685,0.013297150610583446,0.010418684592428305,0.0166901143335484,2013-03-28,-12.503071319125857,544,Sludge Metal
Anacrusis-Manic-Impressions,4,4,1,636,0.006289308176100629,0.0020812701311213625,0.026096926630219973,2014-01-13,-12.597645336819904,545,Thrash Metal
Ulver-Shadows-of-the-Sun,5,5,1,793,0.006305170239596469,0.0024857261338690423,0.022360241427565195,2013-11-16,-12.7316714520592,546,Experimental
Equilibrium-Sagas,6,6,1,693,0.008658008658008658,0.0038268660000343483,0.027297901209692697,2010-04-12,-12.917445538317038,547,Folk
Cult-of-Luna-and-Julie-Christmas-Mariner,1,1,1,928,0.0010775862068965517,0,0.015149814546092336,2016-09-27,-13.059027898773687,548,Post Metal
Black-Sabbath-Vol.-4,33,33,1,2111,0.015632401705352912,0.011575440799952607,0.02188288895373955,2015-04-26,-13.19477858134419,549,Doom Metal
The-Dillinger-Escape-Plan-Dissociation,9,9,1,1471,0.006118286879673691,0.003259842204278365,0.015289718906562859,2016-12-18,-13.491176511553967,550,Metalcore
Converge-You-Fail-Me,27,27,1,2811,0.0096051227321238,0.006866024258585241,0.014428101154405008,2014-03-31,-13.557392345032477,551,Metalcore
Mayhem-De-Mysteriis-Dom-Sathanas,70,66,1.0606060606060606,2497,0.02803364036844213,0.022928579755814787,0.03346329413643175,2014-06-16,-13.557845458670089,552,Black Metal
Mudvayne-L.D.-50,0,0,NaN,1113,0,0,0.0125025741099562,2015-05-18,-13.91536498438125,553,Nu-metal
Deathspell-Omega-Paracletus,26,22,1.1818181818181819,1735,0.014985590778097982,0.010648066614775069,0.023107210395010028,2014-12-30,-14.0910100353424,554,Black Metal
Ne-Obliviscaris-Portal-of-I,18,13,1.3846153846153846,1425,0.01263157894736842,0.008309992829380875,0.023065657319766307,2013-12-08,-14.868561680666987,555,Progressive Metal
Queensryche-Operation-Mindcrime,10,10,1,675,0.014814814814814815,0.008236652719890524,0.037008430596080166,2016-02-05,-14.980690652354111,556,Progressive Metal
Isis-Oceanic,10,8,1.25,1740,0.005747126436781609,0.003183949255740234,0.014360313380251276,2016-03-04,-14.98694528163722,557,Post Metal
Isis-Panopticon,7,7,1,1413,0.004953998584571833,0.002366042509614372,0.015624837775604075,2016-01-14,-15.077895776928557,558,Post Metal
Opeth-Damnation,31,25,1.24,1731,0.017908723281340265,0.013130659927455391,0.026683551882703792,2014-07-27,-15.189228308960265,559,Progressive Metal
The-Dillinger-Escape-Plan-Miss-Machine,15,14,1.0714285714285714,1440,0.010416666666666666,0.006545764578339751,0.021283260890205838,2012-11-22,-15.647895681896408,560,Metalcore
Cult-of-Luna-Somewhere-Along-the-Highway,17,16,1.0625,1841,0.009234111895708854,0.005987954961777869,0.017777515068256713,2014-11-21,-15.72840524066061,561,Post Metal
Opeth-Morningrise,34,34,1,1734,0.0196078431372549,0.014596862760408048,0.029039063256127876,2014-05-18,-16.353735686125738,562,Progressive Metal
Deftones-White-Pony,14,14,1,2111,0.006631927996210327,0.004086041957466373,0.014985662909325922,2012-01-26,-17.63473440158702,563,Metal
Death-The-Sound-of-Perseverance,74,63,1.1746031746031746,3081,0.024018175916910096,0.019749512978695566,0.029753563538505116,2014-03-04,-17.670729262134255,564,Death Metal
Warning-Watching-from-a-Distance,17,17,1,1091,0.015582034830430797,0.010119577611353011,0.03297999711880578,2012-12-27,-18.98117685661711,565,Doom Metal
Alice-in-Chains-Dirt,57,57,1,3679,0.015493340581679805,0.012370295931477971,0.02071379805620846,2014-10-08,-19.206063048790924,566,Grunge
Black-Sabbath-Sabbath-Bloody-Sabbath,21,21,1,1504,0.013962765957446808,0.009508698024630509,0.028032708880735238,2014-10-16,-21.1611941566258,567,Doom Metal
Devin-Townsend-Ocean-Machine-Biomech,10,9,1.1111111111111112,1768,0.005656108597285068,0.0031334128517331535,0.017641651333401825,2013-08-31,-21.190439557454425,568,Progressive Rock
Agalloch-Ashes-Against-the-Grain,31,26,1.1923076923076923,1964,0.015784114052953158,0.011569083148613424,0.026707854854548917,2015-07-13,-21.454226934334073,569,Black Metal
Rage-Against-the-Machine-Rage-Against-the-Machine,16,16,1,2223,0.007197480881691408,0.004595252782886022,0.017055165318768356,2014-01-17,-21.913632503622054,570,Metal
Alcest-%C3%89cailles-de-Lune,19,19,1,2210,0.008597285067873304,0.005721550775621469,0.018598039948963207,2014-02-23,-22.101668287208685,571,Shoegaze
Soundgarden-Superunknown,7,7,1,1539,0.004548408057179987,0.0021717939953634583,0.019071371532091246,2015-07-05,-22.35084078788843,572,Grunge
Ulver-Perdition-City,2,2,1,1039,0.0019249278152069298,1.417932983265157e-4,0.023838396027599743,2016-01-23,-22.768093472676135,573,Experimental
Cynic-Focus,54,43,1.255813953488372,3596,0.015016685205784204,0.011911852897908963,0.021825038984107162,2013-01-06,-24.482840186849355,574,Progressive Metal
Dream-Theater-Metropolis-Pt.-2-Scenes-from-a-Memory,21,21,1,2221,0.00945520036019811,0.006433169713106573,0.02055733487147913,2014-06-26,-24.65784074955514,575,Progressive Metal
Neurosis-Through-Silver-in-Blood,84,73,1.1506849315068493,5195,0.01616939364773821,0.013452784009570657,0.02100818509077674,2014-04-10,-25.137521546585152,576,Post Metal
Converge-All-We-Love-We-Leave-Behind,50,47,1.0638297872340425,4755,0.010515247108307046,0.0082575593689513,0.016313006228836746,2013-12-16,-27.568344618118726,577,Metalcore
Enslaved-Axioma-Ethica-Odini,22,17,1.2941176470588236,1638,0.013431013431013432,0.009234729714205372,0.03184165803374083,2011-09-15,-30.15663585926748,578,Black Metal
Converge-Axe-to-Fall,13,13,1,4261,0.0030509270124383947,0.0018384081476973116,0.010800312169161908,2012-06-10,-33.02013015279889,579,Metalcore
Amia-Venera-Landscape-The-Long-Procession,10,10,1,2975,0.0033613445378151263,0.0018604655500788923,0.015334674102010962,2012-12-27,-35.62065545348261,580,Post Hardcore
Opeth-Blackwater-Park,81,68,1.1911764705882353,4147,0.019532191945985048,0.016198790795741172,0.028122562097079175,2015-10-04,-35.624265016587344,581,Progressive Metal
Opeth-Still-Life,80,71,1.1267605633802817,4241,0.01886347559537845,0.01562436038230131,0.0276187539754909,2014-03-11,-37.1311356100569,582,Progressive Metal
The-Dillinger-Escape-Plan-Option-Paralysis,20,20,1,4230,0.004728132387706856,0.003180157039079674,0.014421730042754656,2012-05-05,-41.003918080852195,583,Metalcore
Tool-%C3%86nima,21,20,1.05,3087,0.006802721088435374,0.00462598594688866,0.0208181986466647,2016-09-10,-43.265779222253926,584,Progressive Metal
Cynic-Traced-in-Air,38,33,1.1515151515151516,4114,0.009236752552260573,0.006983948626706921,0.02041005160186935,2012-05-12,-45.96695229009051,585,Progressive Metal
Between-the-Buried-and-Me-Colors,53,50,1.06,8342,0.006353392471829297,0.005023375875236472,0.012238213999076332,2012-04-21,-49.09118118029476,586,Progressive Metal
Deftones-Diamond-Eyes,15,15,1,7789,0.0019257927846963667,0.001207444952280594,0.008494267462693477,2012-01-27,-51.16184926691949,587,Metal
Tool-Lateralus,28,26,1.0769230769230769,4234,0.006613131790269249,0.004755899630646079,0.01970316332387018,2015-11-22,-55.42319351326634,588,Progressive Metal
Agalloch-The-Mantle,55,54,1.0185185185185186,4588,0.011987794245858762,0.009527106889297216,0.024835131216647575,2015-01-17,-58.943582021979076,589,Black Metal
Vektor-Terminal-Redux,92,80,1.15,7093,0.012970534329620753,0.010880016927055921,0.021559271402288815,2016-12-04,-60.91991205643456,590,Thrash Metal
Deftones-Koi-No-Yokan,6,6,1,4760,0.0012605042016806723,5.540063094440609e-4,0.014093650502922304,2014-08-23,-61.08577639391016,591,Metal
Converge-Jane-Doe,129,111,1.162162162162162,16405,0.007863456263334349,0.006781395515125091,0.011970937194742013,2012-11-14,-67.38322467974274,592,Metalcore
The-Dillinger-Escape-Plan-One-of-Us-Is-the-Killer,31,27,1.1481481481481481,4205,0.007372175980975029,0.005396449096808469,0.02365042585080321,2014-01-09,-68.45004070262749,593,Metalcore
